Fund,Full Fund Name,1 Weeks,2 Weeks,3 Weeks,4 Weeks,5 Weeks,6 Weeks,7 Weeks,8 Weeks,9 Weeks,10 Weeks,11 Weeks
AOY,AK PORTFÖY ALTERNATİF ENERJİ YABANCI HİSSE SENEDİ FONU,0.0,0.535,2.732,15.337,13.939,24.503,25.333,18.987,16.77,14.634,3.297
AFO,AK PORTFÖY ALTIN FONU,2.564,2.564,3.448,9.589,8.108,10.599,8.597,5.263,8.108,10.092,10.599
PAL,AK PORTFÖY ALTINCI SERBEST(DÖVİZ) FON,0.068,0.177,0.655,0.251,0.319,0.466,0.582,0.618,0.872,1.717,2.439
AFA,AK PORTFÖY AMERİKA YABANCI HİSSE SENEDİ FONU,1.195,2.419,1.195,8.547,4.098,8.085,13.901,10.917,13.393,11.404,6.276
AFV,AK PORTFÖY AVRUPA YABANCI HİSSE SENEDİ FONU,1.37,3.497,6.475,13.846,12.977,20.325,22.314,21.311,23.333,24.37,18.4
ADP,AK PORTFÖY BIST BANKA ENDEKSİ HİSSE SENEDİ (TL) FONU (HİSSE SENEDİ YOĞUN FON),0.667,5.594,13.962,16.602,17.51,11.439,26.36,30.736,43.81,41.784,25.311
APJ,AK PORTFÖY BIST ŞİRKETLERİ FON SEPETİ FONU,0.475,0.998,1.35,1.926,2.33,2.781,3.329,3.375,4.395,4.676,4.676
AKU,AK PORTFÖY BIST 30 ENDEKSİ HİSSE SENEDİ (TL) FONU (HİSSE SENEDİ YOĞUN FON),1.053,9.506,11.197,17.073,25.764,23.605,33.333,34.579,50.785,46.193,41.872
ARL,AK PORTFÖY BİRİNCİ FON SEPETİ FONU,1.48,2.836,4.2,6.076,6.827,7.959,8.8,8.612,10.07,10.231,10.038
PUC,AK PORTFÖY BİRİNCİ KISA VADELİ SERBEST (TL)  FON,0.343,0.747,1.096,1.447,1.859,2.216,2.635,2.996,3.422,3.789,4.159
ALC,AK PORTFÖY BİST TEMETTÜ 25 ENDEKSİ HİSSE SENEDİ (TL) FONU (HİSSE SENEDİ YOĞUN FON),0.0,8.642,10.0,15.789,25.714,22.222,31.343,31.343,41.935,35.385,33.333
BUY,AK PORTFÖY BÜYÜYEN ŞİRKETLER HİSSE SENEDİ (TL) FONU (HİSSE SENEDİ YOĞUN FON),NaN,NaN,NaN,NaN,NaN,NaN,NaN,NaN,NaN,NaN,NaN
VAY,AK PORTFÖY DEĞER ODAKLI 100 ŞİRKETLERİ HİSSE SENEDİ (TL) FONU (HİSSE SENEDİ YOĞUN FON),NaN,NaN,NaN,NaN,NaN,NaN,NaN,NaN,NaN,NaN,NaN
ADE,AK PORTFÖY DEĞİŞKEN FON,0.398,0.8,1.205,1.613,2.024,2.024,2.439,2.857,3.279,3.704,4.132
DTZ,AK PORTFÖY DÖNÜŞTÜRÜCÜ TEKNOLOJİLER DEĞİŞKEN FON,3.076,6.174,4.644,17.536,16.592,20.907,26.525,20.683,25.552,23.652,18.818
VCY,AK PORTFÖY ELEKTRİKLİ VE OTONOM ARAÇ TEKNOLOJİLERİ DEĞİŞKEN FON,5.13,6.52,5.039,12.78,14.597,17.493,22.245,16.027,17.722,13.949,6.146
AKE,AK PORTFÖY EUROBOND (AMERİKAN DOLARI) BORÇLANMA ARAÇLARI FONU,1.29,3.289,2.614,4.667,5.369,8.276,8.276,8.276,8.276,9.028,9.79
ZFB,AK PORTFÖY FİNTEK VE BLOKZİNCİRİ TEKNOLOJİLERİ DEĞİŞKEN FON,3.445,5.67,0.185,-0.552,-6.082,-0.917,4.042,0.465,2.854,3.149,-2.613
GUM,AK PORTFÖY GÜMÜŞ FON SEPETI FONU,7.468,9.027,6.902,11.178,18.102,20.13,23.569,13.099,19.705,21.497,19.143
AK3,AK PORTFÖY HİSSE SENEDİ (TL) FONU (HİSSE SENEDİ YOĞUN FON),0.105,7.916,10.54,14.207,21.556,18.998,27.973,29.756,44.627,40.791,37.154
FUA,AK PORTFÖY İHRACATÇI ŞİRKETLER HİSSE SENEDİ (TL) FONU (HİSSE SENEDİ YOĞUN FON),4.047,19.478,23.077,25.164,31.797,37.998,44.536,43.899,56.391,51.323,49.738
AGC,AK PORTFÖY İKİNCİ DEĞİŞKEN FON,0.308,0.377,0.895,0.791,0.342,0.791,0.48,0.205,0.102,0.965,1.63
ARM,AK PORTFÖY İKİNCİ FON SEPETİ FONU,2.013,3.893,4.835,7.304,8.335,9.626,10.92,10.593,12.835,12.806,12.329
AIS,AK PORTFÖY KİRA SERTİFİKALARI KATILIM FONU,0.0,0.0,3.571,3.571,3.571,3.571,3.571,3.571,3.571,3.571,3.571
MTV,AK PORTFÖY METAVERSE VE DİJİTAL YAŞAM TEKNOLOJİLERİ DEĞİŞKEN FON,3.082,5.429,4.062,12.946,12.734,15.769,18.972,18.387,23.234,20.28,14.885
ONK,AK PORTFÖY ONİKİNCİ SERBEST (DÖVİZ-AVRO) FON,NaN,NaN,NaN,NaN,NaN,NaN,NaN,NaN,NaN,NaN,NaN
APT,AK PORTFÖY ORTA VADELI BORÇLANMA ARAÇLARI FONU,1.389,2.817,4.286,4.286,5.797,5.797,7.353,7.353,5.797,5.797,5.797
AYR,AK PORTFÖY ÖZEL SEKTÖR BORÇLANMA ARAÇLARI (TL) FONU,0.0,0.0,0.0,0.0,0.0,0.0,3.03,3.03,3.03,3.03,3.03
AES,AK PORTFÖY PETROL YABANCI BYF FON SEPETİ FONU,4.255,2.083,-5.769,-9.259,-3.922,0.0,0.0,-5.769,6.522,6.522,2.083
AFS,AK PORTFÖY SAĞLIK SEKTÖRÜ YABANCI HİSSE SENEDİ FONU,4.959,6.723,6.723,10.435,9.483,18.692,20.952,19.811,22.115,20.952,14.414
TAR,AK PORTFÖY TARIM VE GIDA TEKNOLOJİLERİ DEĞİŞKEN FON,0.939,8.037,7.643,10.561,11.499,15.415,NaN,NaN,NaN,NaN,NaN
ICZ,AK PORTFÖY TEKNOLOJİ ŞİRKETLERİ HİSSE SENEDİ (TL) FONU (HİSSE SENEDİ YOĞUN FON),3.012,15.44,23.359,27.662,37.781,40.566,48.787,59.115,70.984,68.634,67.55
TGR,AK PORTFÖY TURİZM VE SEYAHAT SEKTÖRÜ DEĞİŞKEN FON,4.181,7.817,4.578,12.577,13.745,16.711,24.179,26.983,33.965,30.847,21.093
AK2,AK PORTFÖY UZUN VADELİ BORÇLANMA ARAÇLARI FONU,2.029,4.451,6.991,6.667,6.024,3.835,10.0,8.308,7.645,6.024,6.667
ODV,AK PORTFÖY ÜÇÜNCÜ FON SEPETİ FONU,2.659,5.399,5.634,9.06,10.682,12.062,14.399,13.899,17.546,17.071,15.796
BGP,AK PORTFÖY ÜÇÜNCÜ PARA PİYASASI (TL) FONU,0.402,0.806,1.146,1.557,1.902,2.249,2.669,3.093,3.448,3.806,4.239
AFT,AK PORTFÖY YENİ TEKNOLOJİLER YABANCI HİSSE SENEDİ FONU,4.636,3.947,5.333,15.328,11.268,9.722,15.328,9.722,11.268,8.966,3.947
ONN,AKTİF PORTFÖY AKTİF ONİKS SERBEST (TL) FON,0.392,0.722,1.12,1.454,1.656,2.061,2.47,2.813,3.159,3.506,3.857
MJL,AKTİF PORTFÖY AKTİF SERBEST (DÖVİZ-AVRO) FON,2.622,1.363,4.366,8.906,6.204,7.905,9.607,7.639,7.829,8.906,7.374
MKG,AKTİF PORTFÖY ALTIN KATILIM FONU,2.462,2.274,3.107,9.29,8.188,10.503,8.482,5.406,8.23,10.111,10.591
MMH,AKTİF PORTFÖY BIST 30 ENDEKSİ HİSSE SENEDİ (TL) FONU (HİSSE SENEDİ YOĞUN FON),0.971,8.499,10.336,16.148,25.64,23.021,33.476,34.795,51.387,47.6,43.855
MJB,AKTİF PORTFÖY BİRİNCİ FON SEPETİ FONU,0.877,2.516,2.355,7.65,6.247,10.571,14.386,9.641,14.52,13.787,8.186
ONE,AKTİF PORTFÖY BİRİNCİ HİSSE SENEDİ SERBEST (TL) FON (HİSSE SENEDİ YOĞUN FON),NaN,NaN,NaN,NaN,NaN,NaN,NaN,NaN,NaN,NaN,NaN
ESG,AKTİF PORTFÖY ESG SÜRDÜRÜLEBİLİRLİK SERBEST FON,0.675,1.172,1.297,1.485,2.308,2.308,3.47,4.061,5.67,5.806,5.602
MJG,AKTİF PORTFÖY GÜMÜŞ FON SEPETİ FONU,6.445,8.031,6.855,10.757,16.971,19.914,21.486,12.172,18.047,20.433,18.719
ASJ,AKTİF PORTFÖY HİSSE SENEDİ (TL) FONU (HİSSE SENEDİ YOĞUN FON),NaN,NaN,NaN,NaN,NaN,NaN,NaN,NaN,NaN,NaN,NaN
MPN,AKTİF PORTFÖY İKİNCİ AKTİF SERBEST (DÖVİZ) FON,0.816,2.194,1.866,3.01,4.028,6.436,7.115,7.218,7.283,8.838,9.112
EYT,AKTİF PORTFÖY İKİNCİ FON SEPETİ FONU,NaN,NaN,NaN,NaN,NaN,NaN,NaN,NaN,NaN,NaN,NaN
BUL,AKTİF PORTFÖY İNŞAAT SEKTÖRÜ HİSSE SENEDİ SERBEST (TL) FON (HİSSE SENEDİ YOĞUN FON),NaN,NaN,NaN,NaN,NaN,NaN,NaN,NaN,NaN,NaN,NaN
MPS,AKTİF PORTFÖY KATILIM HİSSE SENEDİ (TL) FONU (HİSSE SENEDİ YOĞUN FON),3.371,14.33,16.337,19.139,28.73,28.396,37.128,37.509,51.987,48.519,48.104
MPF,AKTİF PORTFÖY KISA VADELİ KİRA SERTİFİKASI KATILIM (TL) FONU,0.404,0.765,1.13,1.497,1.866,2.192,2.566,2.944,3.324,3.707,4.093
MPK,AKTİF PORTFÖY KİRA SERTİFİKASI KATILIM (TL) FONU,0.441,0.846,1.172,1.707,2.456,3.089,3.387,3.773,4.422,4.772,5.478
IDL,AKTİF PORTFÖY PARA PİYASASI (TL) FONU,0.425,0.781,1.213,1.575,1.94,2.381,2.752,3.2,3.577,3.956,4.338
GPT,AKTİF PORTFÖY ROBOTİK TEKNOLOJİLERİ DEĞİŞKEN FON,NaN,NaN,NaN,NaN,NaN,NaN,NaN,NaN,NaN,NaN,NaN
MTS,AKTİF PORTFÖY TARIM VE SÜRDÜRÜLEBİLİRLİK FON SEPETİ FONU,NaN,NaN,NaN,NaN,NaN,NaN,NaN,NaN,NaN,NaN,NaN
CPU,AKTİF PORTFÖY TEKNOLOJİ KATILIM FONU,NaN,NaN,NaN,NaN,NaN,NaN,NaN,NaN,NaN,NaN,NaN
RBA,ALBARAKA PORTFÖY BEREKET VAKFI NA DESTEK ALTIN KATILIM FONU,2.164,1.885,2.699,8.181,7.217,9.355,7.402,4.63,7.094,8.654,8.94
RBK,ALBARAKA PORTFÖY KATILIM FONU,0.749,1.662,3.064,3.659,4.141,5.488,5.571,5.323,2.592,2.71,2.946
RBH,ALBARAKA PORTFÖY KATILIM HİSSE SENEDİ FONU (HİSSE SENEDİ YOĞUN FON),1.747,12.14,15.958,20.962,29.725,31.752,42.373,45.847,60.616,58.472,58.891
PVK,ALBARAKA PORTFÖY KISA VADELİ KATILIM SERBEST (TL) FON,0.41,0.685,1.032,1.31,1.661,2.014,2.369,2.727,3.088,3.451,3.67
RBV,ALBARAKA PORTFÖY KISA VADELİ KİRA SERTİFİKALARI KATILIM (TL) FONU,0.323,0.703,1.086,1.471,1.804,2.195,2.59,2.987,3.387,3.733,4.139
RBT,ALBARAKA PORTFÖY KİRA SERTİFİKALARI  KATILIM FONU,0.336,0.958,1.301,1.588,1.935,2.168,2.519,2.931,3.287,3.646,4.007
LLA,ALLBATROSS PORTFÖY AYDIN HİSSE SENEDİ SERBEST (TL) FON (HİSSE SENEDİ YOĞUN FON),NaN,NaN,NaN,NaN,NaN,NaN,NaN,NaN,NaN,NaN,NaN
HVU,ALLBATROSS PORTFÖY BİRİNCİ DEĞİŞKEN FON,2.139,9.951,11.047,15.159,20.126,20.45,23.339,24.72,31.207,29.554,30.694
BVM,ALLBATROSS PORTFÖY BİRİNCİ HİSSE SENEDİ SERBEST (TL) FON (HİSSE SENEDİ YOĞUN FON),2.811,12.079,14.347,18.866,26.184,24.333,32.929,33.98,47.547,43.131,43.683
HVZ,ALLBATROSS PORTFÖY BİRİNCİ HİSSE SENEDİ (TL) FONU (HİSSE SENEDİ YOĞUN FON),6.671,19.432,21.113,27.343,36.687,36.894,45.374,49.216,63.529,60.765,65.023
HVT,ALLBATROSS PORTFÖY BİRİNCİ PARA PİYASASI (TL) FONU,0.387,0.777,1.17,1.466,1.765,1.865,2.065,2.266,2.976,3.181,3.284
AS1,ALLBATROSS PORTFÖY BİRİNCİ SERBEST (DÖVİZ) FON,NaN,NaN,NaN,NaN,NaN,NaN,NaN,NaN,NaN,NaN,NaN
DEF,ALLBATROSS PORTFÖY DEFNE SERBEST FON,NaN,NaN,NaN,NaN,NaN,NaN,NaN,NaN,NaN,NaN,NaN
GIH,ALLBATROSS PORTFÖY GIDA VE İÇECEK SEKTÖRÜ HİSSE SENEDİ SERBEST (TL) FON (HİSSE SENEDİ YOĞUN FON),NaN,NaN,NaN,NaN,NaN,NaN,NaN,NaN,NaN,NaN,NaN
AEV,ALLBATROSS PORTFÖY İHRACATÇI ŞİRKETLER HİSSE SENEDİ SERBEST (TL) FON (HİSSE SENEDİ YOĞUN FON),NaN,NaN,NaN,NaN,NaN,NaN,NaN,NaN,NaN,NaN,NaN
IHZ,ALLBATROSS PORTFÖY İKİNCİ HİSSE SENEDİ SERBEST FON (HİSSE SENEDİ YOĞUN FON),NaN,NaN,NaN,NaN,NaN,NaN,NaN,NaN,NaN,NaN,NaN
IHA,ALLBATROSS PORTFÖY İKİNCİ HİSSE SENEDİ (TL) FONU (HİSSE SENEDİ YOĞUN FON),NaN,NaN,NaN,NaN,NaN,NaN,NaN,NaN,NaN,NaN,NaN
AOJ,ALLBATROSS PORTFÖY İNŞAAT SEKTÖRÜ HİSSE SENEDİ SERBEST (TL) FON (HİSSE SENEDİ YOĞUN FON),NaN,NaN,NaN,NaN,NaN,NaN,NaN,NaN,NaN,NaN,NaN
KHT,ALLBATROSS PORTFÖY KARTAL HİSSE SENEDİ SERBEST (TL) FON (HİSSE SENEDİ YOĞUN FON),NaN,NaN,NaN,NaN,NaN,NaN,NaN,NaN,NaN,NaN,NaN
KST,ALLBATROSS PORTFÖY KATILIM HİSSE SENEDİ (TL) FONU (HİSSE SENEDİ YOĞUN FON),NaN,NaN,NaN,NaN,NaN,NaN,NaN,NaN,NaN,NaN,NaN
PRU,ALLBATROSS PORTFÖY PARA PİYASASI SERBEST (TL) FON,NaN,NaN,NaN,NaN,NaN,NaN,NaN,NaN,NaN,NaN,NaN
PKF,ATA PORTFÖY ALTIN KATILIM FONU,NaN,NaN,NaN,NaN,NaN,NaN,NaN,NaN,NaN,NaN,NaN
TLZ,ATA PORTFÖY ANALİZ HİSSE SENEDİ (TL) FONU (HİSSE SENEDİ YOĞUN FON),6.08,20.67,24.269,29.911,37.125,36.635,46.648,53.792,70.064,66.052,61.37
AED,ATA PORTFÖY BİRİNCİ DEĞİŞKEN FON,2.776,8.163,8.715,10.744,15.702,14.78,21.315,22.081,29.568,26.261,24.41
AAK,ATA PORTFÖY ÇOKLU VARLIK DEĞİŞKEN FON,2.081,5.791,6.264,7.866,10.908,10.56,14.676,15.106,19.967,18.048,17.334
AUT,ATA PORTFÖY DENGELİ DEĞİŞKEN FON,0.189,0.505,0.823,1.111,1.336,1.304,1.822,2.017,2.246,2.444,2.807
ANZ,ATA PORTFÖY DÖRDÜNCÜ SERBEST (DÖVİZ) FON,1.819,2.666,3.384,3.883,4.683,5.329,5.379,5.163,5.412,6.287,6.033
AAS,ATA PORTFÖY FON SEPETİ SERBEST FONU,1.338,2.583,2.429,5.876,6.733,9.946,13.548,10.302,17.058,17.596,11.444
AAV,ATA PORTFÖY İKİNCİ HİSSE SENEDİ (TL) FONU (HİSSE SENEDİ YOĞUN FON),3.818,13.774,14.402,17.491,27.185,24.957,36.77,40.287,55.922,48.79,46.264
AYA,ATA PORTFÖY KAR PAYI ÖDEYEN HİSSE SENEDİ (TL) FONU (HİSSE SENEDİ YOĞUN FON),3.967,14.477,16.445,20.19,28.814,27.588,36.336,40.107,54.751,50.198,49.606
AAL,ATA PORTFÖY PARA PİYASASI (TL) FONU,0.35,0.703,0.939,1.296,1.655,1.896,2.259,2.503,2.871,3.241,3.614
RTG,ATA PORTFÖY ROBOTİK TEKNOLOJİLERİ DEĞİŞKEN FON,1.561,4.537,7.274,15.449,NaN,NaN,NaN,NaN,NaN,NaN,NaN
YLC,ATA PORTFÖY TARIM VE GIDA DEĞİŞKEN FON,0.264,5.052,4.907,6.751,8.506,10.08,15.0,13.878,19.059,18.04,17.311
DGH,ATA PORTFÖY ÜÇÜNCÜ SERBEST (TL) FONU,0.405,0.772,1.225,1.64,2.1,2.48,2.906,3.335,3.724,4.029,4.423
TAL,ATLAS PORTFÖY ALTIN KATILIM FONU,NaN,NaN,NaN,NaN,NaN,NaN,NaN,NaN,NaN,NaN,NaN
AHI,ATLAS PORTFÖY BİRİNCİ HİSSE SENEDİ FONU(HİSSE SENEDİ YOĞUN),1.627,12.052,14.654,21.101,32.435,36.283,51.453,56.68,71.667,70.94,70.76
AHU,ATLAS PORTFÖY BİRİNCİ ÖZEL SEKTÖR BORÇLANMA ARAÇLARI FONU,0.504,1.014,1.528,2.048,2.573,3.104,3.599,4.098,4.645,5.112,5.669
PFS,ATLAS PORTFÖY FON SEPETİ FONU,NaN,NaN,NaN,NaN,NaN,NaN,NaN,NaN,NaN,NaN,NaN
DFI,ATLAS PORTFÖY İKİNCİ SERBEST (TL) FON,-1.351,-1.351,-10.429,-29.126,-28.079,-28.079,-28.431,-28.78,-24.742,-42.745,-59.444
PPT,ATLAS PORTFÖY PARA PİYASASI (TL) FONU,NaN,NaN,NaN,NaN,NaN,NaN,NaN,NaN,NaN,NaN,NaN
AHN,ATLAS PORTFÖY SERBEST(DÖVİZ)FON,2.108,2.292,2.853,3.145,4.017,4.568,4.751,4.736,5.309,6.618,7.154
BDC,AURA PORTFÖY BODRUM SERBEST FON,2.542,8.364,11.355,11.425,13.709,14.738,17.862,17.162,20.421,22.752,25.265
IYB,AURA PORTFÖY DEĞİŞKEN FONU,0.916,4.671,5.929,7.218,9.076,9.619,12.511,16.373,23.899,24.599,25.785
TLH,AURA PORTFÖY HİSSE SENEDİ FONU (HİSSE SENEDİ YOĞUN FON),5.39,18.551,22.241,25.969,34.582,34.541,44.53,52.986,68.247,65.413,67.007
TPV,AURA PORTFÖY İKİNCİ DEĞİŞKEN FON,2.405,5.853,7.694,7.496,8.813,9.895,13.119,14.836,16.671,16.872,18.156
TLE,AURA PORTFÖY YABANCI BORÇLANMA ARAÇLARI FONU,1.047,3.177,6.341,9.487,10.009,13.505,12.664,11.329,14.653,10.846,9.319
GLS,AZİMUT PORTFÖY  KİRA SERTİFİKALARI (SUKUK) KATILIM FONU,0.0,2.326,2.326,2.326,2.326,2.326,4.762,4.762,4.762,4.762,4.762
PPF,AZİMUT PORTFÖY AKÇE SERBEST FON,0.283,0.568,0.926,1.214,1.504,1.796,2.089,2.384,2.756,3.055,3.431
GMA,AZİMUT PORTFÖY ÇOKLU VARLIK DEĞİŞKEN FON,2.718,8.848,12.553,16.009,21.053,21.053,27.163,30.617,38.845,37.047,38.482
GBZ,AZİMUT PORTFÖY EMTİA FON SEPETİ FONU,1.554,1.977,-1.21,-0.81,1.554,4.145,2.19,0.823,5.15,5.376,3.485
KSK,AZİMUT PORTFÖY İKİNCİ KİRA SERTİFİKALARI KATILIM FONU,NaN,NaN,NaN,NaN,NaN,NaN,NaN,NaN,NaN,NaN,NaN
KTI,AZİMUT PORTFÖY KATILIM HİSSE SENEDİ FONU (HİSSE SENEDİ YOĞUN FON),NaN,NaN,NaN,NaN,NaN,NaN,NaN,NaN,NaN,NaN,NaN
KVS,AZİMUT PORTFÖY KISA VADELİ SERBEST (TL) FON,NaN,NaN,NaN,NaN,NaN,NaN,NaN,NaN,NaN,NaN,NaN
KMF,AZİMUT PORTFÖY KIYMETLİ MADENLER KATILIM FONU,NaN,NaN,NaN,NaN,NaN,NaN,NaN,NaN,NaN,NaN,NaN
PPZ,AZİMUT PORTFÖY PARA PİYASASI (TL) FONU,0.404,0.88,1.292,1.637,2.055,2.476,2.901,3.329,3.76,4.123,4.561
ZMT,AZİMUT PORTFÖY 22.0 SERBEST (DÖVİZ-AVRO) FON,NaN,NaN,NaN,NaN,NaN,NaN,NaN,NaN,NaN,NaN,NaN
GTF,AZİMUT PYŞ BİRİNCİ BORÇLANMA ARAÇLARI FONU,0.437,0.924,1.345,1.77,2.247,2.727,3.164,3.629,4.073,4.522,4.948
GL1,AZİMUT PYŞ BİRİNCİ HİSSE SENEDİ FONU (HİSSE SENEDİ YOĞUN FON),5.064,15.65,20.208,24.555,36.052,34.302,45.282,48.539,64.658,59.237,62.013
GSP,AZİMUT PYŞ KAR PAYI ÖDEYEN HİSSE SENEDİ FONU (HİSSE SENEDİ YOĞUN FON),4.202,14.815,18.095,21.569,33.333,31.915,40.909,45.882,58.974,53.086,55.0
GBL,AZİMUT PYŞ KISA VADELİ BORÇLANMA ARAÇLARI FONU,0.493,0.99,1.493,1.493,2.0,2.513,3.03,3.553,4.082,4.615,4.615
GBC,AZİMUT PYŞ YABANCI BYF FON SEPETİ FONU,2.532,2.532,2.532,8.0,8.0,12.5,10.959,6.579,9.459,10.959,9.459
PAF,A1 PORTFÖY ALTIN FONU,NaN,NaN,NaN,NaN,NaN,NaN,NaN,NaN,NaN,NaN,NaN
BST,A1 PORTFÖY BANKACILIK SEKTÖRÜ DIŞI ŞİRKETLER HİSSE SENEDİ SERBEST (TL) FON (HİSSE SENEDİ YOĞUN FON),NaN,NaN,NaN,NaN,NaN,NaN,NaN,NaN,NaN,NaN,NaN
BBF,A1 PORTFÖY BİRİNCİ BORÇLANMA ARAÇLARI (TL) FONU,NaN,NaN,NaN,NaN,NaN,NaN,NaN,NaN,NaN,NaN,NaN
BHF,A1 PORTFÖY BİRİNCİ DEĞİŞKEN FON,NaN,NaN,NaN,NaN,NaN,NaN,NaN,NaN,NaN,NaN,NaN
BIH,A1 PORTFÖY BİRİNCİ HİSSE SENEDİ (TL) FONU (HİSSE SENEDİ YOĞUN FON),NaN,NaN,NaN,NaN,NaN,NaN,NaN,NaN,NaN,NaN,NaN
AC6,A1 PORTFÖY DÖRDÜNCÜ SERBEST (DÖVİZ) FON,NaN,NaN,NaN,NaN,NaN,NaN,NaN,NaN,NaN,NaN,NaN
AC5,A1 PORTFÖY İSTATİSTİKSEL ARBİTRAJ SERBEST FON,NaN,NaN,NaN,NaN,NaN,NaN,NaN,NaN,NaN,NaN,NaN
AC1,A1 PORTFÖY KISA VADELİ KATILIM SERBEST FONU,NaN,NaN,NaN,NaN,NaN,NaN,NaN,NaN,NaN,NaN,NaN
AC4,A1 PORTFÖY PARA PİYASASI (TL) FON,NaN,NaN,NaN,NaN,NaN,NaN,NaN,NaN,NaN,NaN,NaN
BHI,BV PORTFÖY İSTATİSTİKSEL ARBİTRAJ HİSSE SENEDİ SERBEST (TL) FON (HİSSE SENEDİ YOĞUN FON),NaN,NaN,NaN,NaN,NaN,NaN,NaN,NaN,NaN,NaN,NaN
BTE,BV PORTFÖY OYUN VE TEKNOLOJİ DEĞİŞKEN FON,NaN,NaN,NaN,NaN,NaN,NaN,NaN,NaN,NaN,NaN,NaN
BVV,BV PORTFÖY TEKNOLOJİ DEĞİŞKEN FON,NaN,NaN,NaN,NaN,NaN,NaN,NaN,NaN,NaN,NaN,NaN
DBA,DENİZ PORTFÖY ALTIN FONU,3.2,2.381,3.2,9.322,8.403,10.256,8.403,5.738,7.5,9.322,9.322
DZM,DENİZ PORTFÖY BEŞİNCİ SERBEST (DÖVİZ) FON,1.522,2.178,3.509,3.818,4.659,5.95,6.194,6.221,6.868,7.677,8.232
DTL,DENİZ PORTFÖY BIST 100 DIŞI ŞİRKETLER HİSSE SENEDİ (TL) FONU (HİSSE SENEDİ YOĞUN FON),NaN,NaN,NaN,NaN,NaN,NaN,NaN,NaN,NaN,NaN,NaN
DZE,DENİZ PORTFÖY BIST 100 ENDEKSİ HİSSE SENEDİ FONU(HİSSE SENEDİ YOĞUN FON),1.852,9.635,11.486,17.857,27.907,25.954,36.364,38.655,55.66,51.376,46.667
DBP,DENİZ PORTFÖY BİRİNCİ DEĞİŞKEN FON,3.67,11.881,14.141,18.947,24.176,24.176,28.409,31.395,39.506,37.805,36.145
DSP,DENİZ PORTFÖY BİRİNCİ FON SEPETİ FONU,1.512,5.422,6.879,10.291,12.809,13.42,15.971,15.934,19.717,18.877,18.088
DPT,DENİZ PORTFÖY BİST TEMETTÜ 25 ENDEKSİ HİSSE SENEDİ FONU ( HİSSE SENEDİ YOĞUN FON ),0.098,9.985,11.111,17.107,27.119,24.208,33.02,33.055,45.134,38.324,35.602
DBB,DENİZ PORTFÖY BORÇLANMA ARAÇLARI FONU,0.0,5.263,5.263,2.564,2.564,5.263,5.263,5.263,5.263,8.108,8.108
DYN,DENİZ PORTFÖY ELEKTRİKLİ VE OTONOM ARAÇ TEKNOLOJİLERİ DEĞİŞKEN FON,1.687,4.376,3.996,9.885,11.816,16.008,17.436,13.591,13.591,12.697,9.152
DFD,DENİZ PORTFÖY EMTİA SERBEST FON,-0.484,1.382,-0.869,-0.484,1.784,4.37,1.784,-0.581,2.189,2.7,0.686
DHM,DENİZ PORTFÖY ESG-SÜRDÜRÜLEBİLİRLİK FON SEPETİ FONU,0.852,3.12,3.345,8.225,10.584,13.408,15.061,13.137,16.859,14.875,1.791
DBH,DENİZ PORTFÖY EUROBOND (DÖVİZ) BORÇLANMA ARAÇLARI FONU,2.041,5.263,6.383,8.696,9.89,13.636,13.636,13.636,13.636,13.636,13.636
DMG,DENİZ PORTFÖY GÜMÜŞ FON SEPETİ FONU,5.384,6.66,4.861,11.029,14.518,19.3,19.032,9.647,16.796,17.444,18.631
DAH,DENİZ PORTFÖY HİSSE SENEDİ FONU (HİSSE SENEDİ YOĞUN FON),3.434,13.73,16.393,23.478,32.181,29.596,38.44,40.793,55.556,49.474,44.267
DXP,DENİZ PORTFÖY İHRACATÇI ŞİRKETLER HİSSE SENEDİ FONU (HİSSE SENEDİ YOĞUN FON),NaN,NaN,NaN,NaN,NaN,NaN,NaN,NaN,NaN,NaN,NaN
DKH,DENİZ PORTFÖY KATILIM HİSSE SENEDİ (TL) FONU (HİSSE SENEDİ YOĞUN FON),NaN,NaN,NaN,NaN,NaN,NaN,NaN,NaN,NaN,NaN,NaN
DBK,DENİZ PORTFÖY KISA VADELİ BORÇLANMA ARAÇLARI (TL) FONU,0.0,3.333,3.333,3.333,3.333,3.333,3.333,3.333,3.333,3.333,6.897
DCB,DENİZ PORTFÖY KISA VADELİ SERBEST (TL) FON,0.372,0.842,1.221,1.602,1.987,2.374,2.765,3.158,3.455,3.854,4.255
DPK,DENİZ PORTFÖY KİRA SERTİFİKALARI KATILIM (TL) FONU,0.428,0.903,1.208,1.558,2.044,2.535,2.895,3.303,3.897,4.267,4.826
DVT,DENİZ PORTFÖY METAVERSE VE DİJİTAL YAŞAM TEKNOLOJİLERİ DEĞİŞKEN FON,2.636,6.72,9.628,19.742,19.034,19.861,23.289,21.919,26.123,23.922,20.459
DAS,DENİZ PORTFÖY ONİKİNCİ SERBEST (DÖVİZ) FON,NaN,NaN,NaN,NaN,NaN,NaN,NaN,NaN,NaN,NaN,NaN
DOV,DENİZ PORTFÖY ONÜÇÜNCÜ SERBEST (DÖVİZ-AVRO) FON,NaN,NaN,NaN,NaN,NaN,NaN,NaN,NaN,NaN,NaN,NaN
DBZ,DENİZ PORTFÖY ÖZEL SEKTÖR BORÇLANMA ARAÇLARI FONU,0.0,0.0,0.0,2.941,2.941,2.941,2.941,2.941,2.941,2.941,2.941
DLY,DENİZ PORTFÖY PARA PİYASASI (TL) FONU,0.346,0.764,1.115,1.469,1.825,2.183,2.544,2.908,3.274,3.643,4.089
DLD,DENİZ PORTFÖY SÜRDÜRÜLEBİLİRLİK HİSSE SENEDİ FONU (HİSSE SENEDİ YOĞUN FON),1.359,10.809,11.783,17.746,26.196,23.178,30.932,33.354,46.445,42.022,36.553
DFC,DENİZ PORTFÖY TARIM VE GIDA DEĞİŞKEN FON,2.564,8.463,8.463,11.77,12.34,16.402,18.812,22.563,28.28,26.558,24.764
DHJ,DENİZ PORTFÖY TEKNOLOJİ ŞİRKETLERİ HİSSE SENEDİ FONU (HİSSE SENEDİ YOĞUN FON),6.293,20.403,27.516,34.12,43.358,47.812,54.781,61.763,77.668,74.346,72.157
FIB,FİBA PORTFÖY ALTIN FONU,2.353,2.353,3.571,8.75,7.407,10.127,7.407,4.819,7.407,8.75,10.127
FZJ,FİBA PORTFÖY BİRİNCİ FON SEPETİ FONU,0.875,2.9,3.748,5.327,6.543,6.543,7.788,8.379,9.929,10.279,10.543
FSG,FİBA PORTFÖY BİRİNCİ HİSSE SENEDİ SERBEST FON (HİSSE SENEDİ YOĞUN FON),NaN,NaN,NaN,NaN,NaN,NaN,NaN,NaN,NaN,NaN,NaN
FBI,FİBA PORTFÖY BİRİNCİ SERBEST (DÖVİZ) FON,NaN,NaN,NaN,NaN,NaN,NaN,NaN,NaN,NaN,NaN,NaN
FJB,FİBA PORTFÖY BLOK ZİNCİRİ TEKNOLOJİLERİ SERBEST FON,1.901,1.726,4.614,8.464,3.24,6.025,7.77,3.694,6.121,2.88,-1.091
FIT,FİBA PORTFÖY BORÇLANMA ARAÇLARI (TL) FONU,0.0,0.962,1.942,0.962,0.962,1.942,2.941,2.941,2.941,2.941,3.96
FID,FİBA PORTFÖY ÇOKLU VARLIK İKİNCİ DEĞİŞKEN FON,2.201,8.696,10.169,12.847,16.487,16.071,19.926,20.37,26.459,25.0,24.046
FPE,FİBA PORTFÖY EUROBOND BORÇLANMA ARAÇLARI (DÖVİZ)FONU,1.802,4.049,3.465,6.027,7.116,9.892,10.105,10.29,10.397,11.257,11.302
FJZ,FİBA PORTFÖY FIRTINA SERBEST (DÖVİZ) FON,1.62,2.632,2.804,4.627,5.776,7.421,7.512,7.668,8.171,9.548,8.792
FSH,FİBA PORTFÖY FON SEPETİ SERBEST FON,NaN,NaN,NaN,NaN,NaN,NaN,NaN,NaN,NaN,NaN,NaN
FPH,FİBA PORTFÖY HİSSE SENEDİ (TL) FONU (HİSSE SENEDİ YOĞUN FON),3.169,15.286,17.717,23.743,31.242,30.088,38.677,39.928,54.541,50.285,48.457
FSR,FİBA PORTFÖY İKİNCİ SERBEST (DÖVİZ-AVRO) FON,NaN,NaN,NaN,NaN,NaN,NaN,NaN,NaN,NaN,NaN,NaN
FBZ,FİBA PORTFÖY KAR PAYI ÖDEYEN SERBEST FON,0.36,0.724,1.089,1.458,1.829,2.128,2.504,2.806,3.264,3.571,3.958
FPK,FİBA PORTFÖY KISA VADELİ BORÇLANMA ARAÇLARI (TL)FONU,0.0,0.0,0.0,0.0,0.0,0.0,4.0,4.0,4.0,4.0,4.0
FMR,FİBA PORTFÖY MART 2025 SERBEST (DÖVİZ) FON,NaN,NaN,NaN,NaN,NaN,NaN,NaN,NaN,NaN,NaN,NaN
FSF,FİBA PORTFÖY PARA PİYASASI SERBEST (TL) FON,0.382,0.767,1.09,1.48,1.808,2.203,2.602,3.005,3.342,3.682,4.092
FIL,FİBA PORTFÖY PARA PİYASASI (TL) FONU,1.163,1.163,1.163,2.353,2.353,2.353,3.571,3.571,3.571,4.819,4.819
FZP,FİBA PORTFÖY SERBEST FON,0.919,1.653,2.126,2.535,2.947,3.293,3.851,4.274,4.629,4.843,5.636
GO1,FONERİA PORTFÖY BİRİNCİ FON SEPETİ FONU,0.666,1.536,1.927,2.619,3.119,3.624,3.929,4.134,4.442,4.649,4.96
GO9,FONERİA PORTFÖY BİRİNCİ HİSSE SENEDİ FONU (HİSSE SENEDİ YOĞUN FON),NaN,NaN,NaN,NaN,NaN,NaN,NaN,NaN,NaN,NaN,NaN
FCK,FONERİA PORTFÖY ÇOKLU VARLIK KATILIM FONU,NaN,NaN,NaN,NaN,NaN,NaN,NaN,NaN,NaN,NaN,NaN
GO4,FONERİA PORTFÖY DÖRDÜNCÜ FON SEPETİ FONU,1.873,4.579,5.157,10.338,11.306,11.742,12.846,12.512,13.069,13.858,14.086
GO2,FONERİA PORTFÖY İKİNCİ FON SEPETİ FONU,1.385,3.293,3.879,6.706,8.605,8.605,8.498,8.177,8.713,9.472,9.69
FBC,FONERİA PORTFÖY KATILIM FONU,NaN,NaN,NaN,NaN,NaN,NaN,NaN,NaN,NaN,NaN,NaN
GO6,FONERİA PORTFÖY PARA PİYASASI (TL) FONU,NaN,NaN,NaN,NaN,NaN,NaN,NaN,NaN,NaN,NaN,NaN
GO3,FONERİA PORTFÖY ÜÇÜNCÜ FON SEPETİ FONU,1.735,4.112,4.307,8.366,9.323,9.862,10.297,9.862,10.406,11.067,11.289
GUH,GARANTI PORTFÖY YABANCI TEKNOLOJİ BYF FON SEPETİ FONU,2.667,4.054,4.054,13.235,6.944,10.0,16.667,10.0,11.594,10.0,5.479
GKH,GARANTİ PORTFÖY  KATILIM SERBEST (TL) FON,0.469,0.848,1.23,1.518,2.002,2.392,2.687,3.382,3.682,4.187,4.492
TGA,GARANTİ PORTFÖY AGRESİF DEĞİŞKEN FON,3.509,10.28,12.381,15.686,21.649,20.408,28.261,31.111,38.824,35.632,34.091
GTA,GARANTİ PORTFÖY ALTIN FONU,2.431,2.076,3.147,9.259,8.059,10.487,8.059,4.982,8.059,9.665,10.075
GBN,GARANTİ PORTFÖY BEŞİNCİ (TL) SERBEST FON,0.444,0.828,1.215,1.605,1.997,2.327,2.726,3.127,3.532,3.871,4.282
GOH,GARANTİ PORTFÖY BIST 100 DIŞI ŞİRKETLER HİSSE SENEDİ (TL) FONU (HİSSE SENEDİ YOĞUN FON),5.729,17.398,24.317,32.571,42.79,43.929,57.772,67.193,82.199,81.927,89.277
GPB,GARANTİ PORTFÖY BİRİNCİ DEĞİŞKEN FON,0.688,1.642,2.029,2.516,3.074,3.339,4.31,4.445,4.888,5.024,5.23
GZP,GARANTİ PORTFÖY BİRİNCİ FON SEPETİ FONU,1.499,4.08,4.949,6.602,7.711,8.308,10.901,11.111,12.388,11.888,12.388
GBH,GARANTİ PORTFÖY BİRİNCİ HİSSE SENEDİ SERBEST FON (HİSSE SENEDİ YOĞUN FON),NaN,NaN,NaN,NaN,NaN,NaN,NaN,NaN,NaN,NaN,NaN
GPF,GARANTİ PORTFÖY BİRİNCİ KATILIM FONU,0.43,0.785,1.182,1.622,2.067,2.597,3.05,3.465,3.968,4.475,5.375
GPL,GARANTİ PORTFÖY BİRİNCİ SERBEST (DÖVİZ) FON,0.064,NaN,NaN,NaN,NaN,NaN,NaN,NaN,NaN,NaN,NaN
GAE,GARANTİ PORTFÖY BİST30 ENDEKSİ HİSSE SENEDİ (TL) FONU (HİSSE SENEDİ YOĞUN FON),0.719,7.692,9.375,14.754,25.0,21.739,32.075,33.333,50.538,45.833,42.857
GBV,GARANTİ PORTFÖY BLOCKCHAİN TEKNOLOJİLERİ DEĞİŞKEN FON,2.175,4.699,6.757,10.419,9.584,11.697,16.801,14.795,18.716,17.91,11.768
GA1,GARANTİ PORTFÖY BORÇLANMA ARAÇLARI FONU,0.447,1.051,1.229,1.63,2.109,2.688,3.102,3.46,3.999,4.559,4.932
GVA,GARANTİ PORTFÖY ELEKTRİKLİ VE OTONOM ARAÇLAR DEĞİŞKEN FON,2.787,5.095,3.84,11.549,12.685,15.465,20.614,18.041,21.457,19.431,14.165
GZE,GARANTİ PORTFÖY EMTİA SERBEST FON,-0.086,0.915,-1.11,-1.11,3.161,4.275,1.623,-1.446,3.207,3.762,0.739
GZV,GARANTİ PORTFÖY ESG SÜRDÜRÜLEBİLİRLİK FON SEPETİ FONU,1.562,3.768,4.556,10.686,9.239,14.195,15.948,14.251,14.586,14.362,10.633
GPA,GARANTİ PORTFÖY EUROBOND BORÇLANMA ARAÇLARI (DÖVİZ) FONU,0.831,1.971,1.893,3.138,3.828,5.77,6.022,6.14,6.326,7.577,7.96
GZZ,GARANTİ PORTFÖY FİNANS SEKTÖRÜ DEĞİŞKEN FON,0.29,2.552,3.349,9.229,7.263,10.557,15.663,16.051,19.337,17.551,11.125
GIE,GARANTİ PORTFÖY GARANTİ BBVA İKLİM ENDEKSİ HİSSE SENEDİ (TL) FONU (HİSSE SENEDİ YOĞUN FON),NaN,NaN,NaN,NaN,NaN,NaN,NaN,NaN,NaN,NaN,NaN
GTZ,GARANTİ PORTFÖY GÜMÜŞ FON SEPETİ FONU,7.074,8.861,6.472,10.968,18.029,19.975,23.903,12.686,18.994,20.51,18.102
GHS,GARANTİ PORTFÖY HİSSE SENEDİ (TL) FONU (HİSSE SENEDİ YOĞUN FON),3.421,12.773,13.522,18.43,27.262,23.613,35.896,38.4,53.269,47.457,45.981
GPI,GARANTİ PORTFÖY İKİNCİ DEĞİŞKEN FON,1.311,3.755,4.222,5.701,8.055,8.027,11.105,11.313,13.093,12.332,12.574
GZJ,GARANTİ PORTFÖY İKİNCİ FON SEPETİ FONU,2.102,5.59,7.538,10.629,12.273,13.27,16.905,17.376,20.071,19.02,19.718
GPC,GARANTİ PORTFÖY İKİNCİ SERBEST ( DÖVİZ ) FON,1.46,3.717,3.412,5.668,6.644,9.924,9.826,9.883,9.929,10.806,10.748
GKV,GARANTİ PORTFÖY KATILIM HİSSE SENEDİ (TL) FONU (HİSSE SENEDİ YOĞUN FON),6.557,17.515,21.957,25.947,39.745,39.834,52.679,58.069,73.302,71.809,73.576
MET,GARANTİ PORTFÖY METAVERSE VE YENİ TEKNOLOJİLER DEĞİŞKEN FON,1.857,5.359,5.359,14.129,12.164,13.261,19.908,16.816,20.046,17.873,11.923
GAH,GARANTİ PORTFÖY MUTLAK GETİRİ HEDEFLİ DEĞİŞKEN FON,1.247,3.647,3.95,5.455,7.774,7.652,10.498,10.541,11.934,11.233,11.32
GZG,GARANTİ PORTFÖY SAĞLIK SEKTÖRÜ DEĞİŞKEN FON,5.62,8.861,10.614,12.137,13.117,18.801,19.837,21.693,24.308,24.378,21.224
EUZ,GARANTİ PORTFÖY SERBEST (DÖVİZ-AVRO) FON,1.807,2.878,4.369,10.345,7.84,12.113,12.804,12.429,12.683,14.251,12.473
GZR,GARANTİ PORTFÖY SÜRDÜRÜLEBİLİRLİK HİSSE SENEDİ (TL) FONU (HİSSE SENEDİ YOĞUN FON),2.787,12.243,13.896,18.491,26.274,23.568,33.558,34.578,48.571,43.012,37.495
GZL,GARANTİ PORTFÖY TARIM VE GIDA SEKTÖRÜ DEĞİŞKEN FON,0.591,5.987,6.241,8.268,8.694,12.335,17.775,18.532,23.562,20.337,19.171
GTM,GARANTİ PORTFÖY TEMETTÜ ÖDEYEN ŞİRKETLER HİSSE SENEDİ (TL) FONU (HİSSE SENEDİ YOĞUN FON),4.08,16.101,17.376,22.159,30.657,29.176,38.718,40.312,53.964,45.447,43.013
GZH,GARANTİ PORTFÖY TEMİZ ENERJİ DEĞİŞKEN FON,3.418,5.501,8.54,18.937,20.201,26.056,30.896,26.8,26.8,25.175,18.871
GTY,GARANTİ PORTFÖY TREND SERBEST FON,0.121,1.098,0.79,2.854,3.238,3.109,3.56,2.283,2.917,1.655,1.843
GZY,GARANTİ PORTFÖY TURİZM VE SEYAHAT SEKTÖRÜ DEĞİŞKEN FON,3.457,5.495,2.934,8.245,8.649,10.718,17.834,19.285,26.084,25.385,17.021
GPU,GARANTİ PORTFÖY ÜÇÜNCÜ DEĞİŞKEN FON,1.59,4.857,5.63,8.54,11.431,11.378,14.757,14.203,17.291,15.289,14.729
GVI,GARANTİ PORTFÖY ÜÇÜNCÜ FON SEPETİ FONU,2.169,6.802,8.758,12.799,15.567,16.852,21.099,21.207,26.015,25.551,25.092
GAS,GARANTİ PORTFÖY ÜÇÜNCÜ SERBEST(DÖVİZ) FON,1.0,2.02,3.061,3.061,4.124,4.124,4.124,5.208,5.208,6.316,6.316
ECA,GLOBAL MD PORTFÖY BİRİNCİ DEĞİŞKEN FON,1.299,5.405,6.267,8.333,13.043,10.795,16.766,17.825,24.601,22.257,20.37
GMD,GLOBAL MD PORTFÖY BİRİNCİ FON SEPETİ FONU,0.735,2.545,2.468,3.709,4.5,5.792,6.532,6.948,7.789,8.044,8.044
EC2,GLOBAL MD PORTFÖY BİRİNCİ HİSSE SENEDİ FONU(HİSSE SENEDİ YOĞUN FON),1.6,9.182,10.508,14.885,22.445,19.642,28.647,30.212,43.572,39.786,36.051
GZN,GLOBAL MD PORTFÖY BOĞAZİÇİ SERBEST FON,5.327,14.156,22.451,28.763,36.951,28.177,45.77,50.098,65.096,61.187,51.743
GLG,GLOBAL MD PORTFÖY CAPİTAL HİSSE SENEDİ SERBEST FON (HİSSE SENEDİ YOĞUN FON),6.289,22.208,22.524,28.776,42.224,40.222,43.627,47.315,64.752,60.696,59.612
GZM,GLOBAL MD PORTFÖY DİNAMİK SERBEST (TL) FON,-0.459,8.058,7.186,9.728,14.266,11.814,18.954,22.058,33.366,28.496,28.456
EBD,GLOBAL MD PORTFÖY İKİNCİ DEĞİŞKEN FON,0.0,5.556,5.556,9.615,11.765,11.765,16.327,16.327,21.277,18.75,18.75
GLC,GLOBAL MD PORTFÖY İKİNCİ FON SEPETİ FONU,1.674,6.579,7.681,8.806,11.383,11.043,15.348,15.623,20.099,18.44,18.923
GKF,GLOBAL MD PORTFÖY KATILIM FONU,1.493,1.671,1.94,2.391,3.214,3.491,3.677,3.863,3.863,4.144,4.426
HKM,HEDEF PORTFÖY BAŞAK HİSSE SENEDİ SERBEST (TL) FON (HİSSE SENEDİ YOĞUN FON),NaN,NaN,NaN,NaN,NaN,NaN,NaN,NaN,NaN,NaN,NaN
HVK,HEDEF PORTFÖY BİRİNCİ BORÇLANMA ARAÇLARI (TL) FONU,0.486,0.977,1.473,1.974,2.479,2.99,3.42,3.94,4.465,4.996,5.622
HJB,HEDEF PORTFÖY BİRİNCİ DEĞİŞKEN FON,NaN,NaN,NaN,NaN,NaN,NaN,NaN,NaN,NaN,NaN,NaN
NNF,HEDEF PORTFÖY BİRİNCİ HİSSE SENEDİ (TL) FONU (HİSSE SENEDİ YOĞUN FON),3.914,14.057,15.301,19.469,27.231,24.754,35.751,39.145,55.439,49.084,47.524
HDA,HEDEF PORTFÖY DÖRDÜNCÜ İSTATİSTİKSEL ARBİTRAJ HİSSE SENEDİ SERBEST (TL) FON (HİSSE SENEDİ YOĞUN FON),NaN,NaN,NaN,NaN,NaN,NaN,NaN,NaN,NaN,NaN,NaN
HMC,HEDEF PORTFÖY EKİNOKS SERBEST (TL) FON,0.371,5.136,9.748,17.529,28.057,27.936,32.386,36.949,49.778,55.735,61.7
HGM,HEDEF PORTFÖY İKİNCİ HİSSE SENEDİ (TL) FONU (HİSSE SENEDİ YOĞUN FON),NaN,NaN,NaN,NaN,NaN,NaN,NaN,NaN,NaN,NaN,NaN
HKH,HEDEF PORTFÖY KATILIM HİSSE SENEDİ (TL) FONU (HİSSE SENEDİ YOĞUN FON),8.148,18.76,20.661,25.93,37.089,38.553,50.419,56.359,76.435,75.375,75.112
KSA,HEDEF PORTFÖY KISA VADELİ SERBEST (TL) FON,NaN,NaN,NaN,NaN,NaN,NaN,NaN,NaN,NaN,NaN,NaN
FNT,HEDEF PORTFÖY MODEL HİSSE SENEDİ SERBEST (TL) FON (HİSSE SENEDİ YOĞUN FON),NaN,NaN,NaN,NaN,NaN,NaN,NaN,NaN,NaN,NaN,NaN
HYV,HEDEF PORTFÖY PARA PİYASASI (TL) FONU,0.425,0.925,1.285,1.72,2.16,2.603,3.05,3.426,3.88,4.338,4.801
HDK,HEDEF PORTFÖY VEGA İSTATİSTİKSEL ARBİTRAJ HİSSE SENEDİ SERBEST FON (HİSSE SENEDİ YOĞUN FON),NaN,NaN,NaN,NaN,NaN,NaN,NaN,NaN,NaN,NaN,NaN
HST,HSBC PORTFÖY  BORÇLANMA ARAÇLARI (TL) FONU,0.481,2.956,3.98,2.956,3.21,3.21,6.091,5.29,5.29,4.762,5.556
HBF,HSBC PORTFÖY ALTIN FONU,2.489,2.257,3.081,9.012,7.818,10.006,7.913,4.823,7.278,8.984,9.221
HBN,HSBC PORTFÖY BİRİNCİ FON SEPETİ FONU,1.574,3.491,4.377,5.888,7.866,7.234,NaN,NaN,NaN,NaN,NaN
HBU,HSBC PORTFÖY BİST 30 ENDEKSİ HİSSE SENEDİ FONU (HİSSE SENEDİ YOĞUN FON),0.932,7.98,9.62,15.775,25.872,23.362,34.056,34.891,53.004,48.797,44.333
HPO,HSBC PORTFÖY ÇOKLU VARLIK BİRİNCİ DEĞİŞKEN FON,0.0,0.0,2.439,2.439,2.439,2.439,2.439,2.439,2.439,5.0,5.0
HPD,HSBC PORTFÖY ÇOKLU VARLIK İKİNCİ DEĞİŞKEN FON,3.175,4.839,4.839,6.557,10.169,10.169,12.069,12.069,16.071,14.035,14.035
HSA,HSBC PORTFÖY DEĞİŞKEN (TL) FON,3.27,6.631,7.906,9.96,14.367,11.787,17.91,21.714,26.643,24.7,24.97
HVS,HSBC PORTFÖY HİSSE SENEDİ (TL) FONU (HİSSE SENEDİ YOĞUN FON),3.038,8.824,10.598,15.297,23.333,19.355,30.449,34.323,48.54,44.326,43.816
HKR,HSBC PORTFÖY KIRMIZI HİSSE SENEDİ SERBEST (TL) FON (HİSSE SENEDİ YOĞUN FON),NaN,NaN,NaN,NaN,NaN,NaN,NaN,NaN,NaN,NaN,NaN
HPT,HSBC PORTFÖY KISA VADELİ BORÇLANMA ARAÇLARI (TL) FONU,0.0,0.0,0.0,0.0,3.333,3.333,3.333,3.333,3.333,3.333,3.333
HSL,HSBC PORTFÖY PARA PİYASASI (TL) FONU,0.252,0.518,0.794,1.054,1.315,1.573,1.838,2.096,2.355,2.648,2.948
HMS,HSBC PORTFÖY SÜRDÜRÜLEBİLİRLİK HİSSE SENEDİ (TL) FONU (HİSSE SENEDİ YOĞUN FON),3.846,8.0,12.5,17.391,28.571,22.727,35.0,35.0,50.0,42.105,42.105
HOA,HSBC PORTFÖY TEKNOLOJİ DEĞİŞKEN FON,2.703,2.703,0.0,5.556,2.703,0.0,2.703,2.703,2.703,2.703,0.0
HOY,HSBC PORTFÖY YABANCI BYF FON SEPETI,2.083,3.158,3.158,7.692,6.522,8.889,11.364,10.112,11.364,10.112,7.692
HMG,HSBC PYŞ MUTLAK GETİRİ HEDEFLİ HİSSE SENEDİ SERBEST (TL) FON(HİSSE SENEDİ YOĞUN FON),0.0,0.0,0.0,0.0,0.0,-5.556,0.0,0.0,0.0,0.0,6.25
ICA,ICBC TURKEY PORTFÖY ALTIN FONU,2.083,2.083,3.158,8.889,7.692,10.112,7.692,4.255,7.692,8.889,8.889
ICD,ICBC TURKEY PORTFÖY BİRİNCİ DEĞİŞKEN FON,1.113,1.813,2.305,3.47,4.151,4.777,8.698,8.785,10.239,10.061,9.297
IJH,ICBC TURKEY PORTFÖY BİRİNCİ FON SEPETİ FONU,2.306,4.298,5.36,8.148,9.986,10.849,14.613,14.528,16.504,16.417,15.379
IFV,ICBC TURKEY PORTFÖY BİRİNCİ KISA VADELİ BORÇLANMA ARAÇLARI (TL) FONU,0.516,0.95,1.3,1.741,2.275,2.634,2.996,3.36,3.727,3.727,4.189
ICV,ICBC TURKEY PORTFÖY BİRİNCİ SERBEST FON,1.147,1.696,1.903,3.237,3.953,4.606,8.075,7.687,8.623,8.545,7.842
ICF,ICBC TURKEY PORTFÖY HİSSE SENEDİ FONU(HİSSE SENEDİ YOĞUN FON),2.748,13.396,17.335,21.938,29.318,28.177,40.824,44.25,58.12,52.301,45.952
ICC,ICBC TURKEY PORTFÖY İKİNCİ DEĞİŞKEN FON,1.656,5.862,7.343,9.643,12.868,12.454,17.625,18.992,24.797,22.8,20.866
ICE,ICBC TURKEY PORTFÖY PARA PİYASASI (TL) FONU,0.373,0.696,1.067,1.427,1.781,2.136,2.498,2.807,3.174,3.529,3.9
ICS,ICBC TURKEY PORTFÖY SERBEST (DÖVİZ) FON,0.551,1.484,1.325,2.444,2.449,3.52,3.546,3.043,3.427,2.727,3.012
IFN,ICBC TURKEY PORTFÖY SÜRDÜRÜLEBİLİRLİK HİSSE SENEDİ FONU(HİSSE SENEDİ YOĞUN FON),1.997,11.468,14.405,18.355,25.845,23.989,38.49,40.507,54.508,48.18,41.422
GGK,INVEO PORTFÖY  ALTIN FON,2.545,2.688,3.022,9.649,8.841,11.245,9.216,5.675,8.256,10.304,10.304
IJA,INVEO PORTFÖY ATAK DEĞİŞKEN FON,-0.072,10.459,14.956,17.545,21.52,19.68,26.289,28.399,38.906,33.671,37.73
GPG,INVEO PORTFÖY BİRİNCİ DEĞİŞKEN FON,2.69,5.498,5.781,18.176,20.625,28.298,32.068,30.18,34.216,30.659,24.824
GJB,INVEO PORTFÖY BİRİNCİ FON SEPETİ FONU,2.204,9.541,11.662,15.31,18.725,19.024,24.474,25.865,33.465,30.735,30.088
GAF,INVEO PORTFÖY BİRİNCİ HİSSE SENEDİ FONU (HİSSE SENEDİ YOĞUN FON),2.493,12.805,15.265,20.915,28.92,26.28,37.037,38.06,52.263,46.825,41.221
GAG,INVEO PORTFÖY BİRİNCİ SERBEST (DÖVIZ)  FON,0.764,1.404,2.866,2.919,3.269,3.906,4.659,4.605,5.222,6.013,6.591
GYK,INVEO PORTFÖY BORÇLANMA ARAÇLARI (TL) FONU,0.0,0.0,0.0,0.0,0.0,3.571,3.571,3.571,3.571,3.571,3.571
CVK,INVEO PORTFÖY ÇOKLU VARLIK KATILIM FONU,NaN,NaN,NaN,NaN,NaN,NaN,NaN,NaN,NaN,NaN,NaN
IDN,INVEO PORTFÖY DENGELİ DEĞİŞKEN FON,NaN,NaN,NaN,NaN,NaN,NaN,NaN,NaN,NaN,NaN,NaN
IUH,INVEO PORTFÖY DÖNÜŞTÜRÜCÜ TEKNOLOJİLER FON SEPETİ FONU,1.474,4.64,5.314,9.732,11.699,15.04,16.578,16.474,20.664,19.671,16.06
IUT,INVEO PORTFÖY ESG SÜRDÜRÜLEBİLİRLİK FON SEPETİ FONU,0.594,4.455,6.054,12.973,16.425,19.063,23.802,22.804,29.592,25.846,20.57
GBG,INVEO PORTFÖY G-20 ÜLKELERİ YABANCI HİSSE SENEDİ FONU,0.741,2.256,5.426,10.569,10.569,14.286,15.254,14.286,17.241,16.239,11.475
GMR,INVEO PORTFÖY İKİNCİ HİSSE SENEDİ FONU (HİSSE SENEDİ YOĞUN FON),7.196,21.008,23.429,27.811,34.579,36.278,45.946,51.049,64.259,57.664,60.0
GKS,INVEO PORTFÖY İKİNCİ SERBEST FON,0.945,4.994,9.337,11.575,17.208,17.985,18.825,22.197,24.942,21.64,22.421
GAK,INVEO PORTFÖY KARMA FON,1.389,4.709,6.233,7.11,9.419,9.265,12.206,14.293,17.989,17.455,17.514
IRY,INVEO PORTFÖY PARA PİYASASI (TL) FONU,NaN,NaN,NaN,NaN,NaN,NaN,NaN,NaN,NaN,NaN,NaN
GSM,INVEO PORTFÖY SMART ALGO SERBEST FON,NaN,NaN,NaN,NaN,NaN,NaN,NaN,NaN,NaN,NaN,NaN
IRT,INVEO PORTFÖY TEKNOLOJİ DEĞİŞKEN FON,2.049,7.235,12.162,15.706,16.138,17.898,22.781,23.757,28.483,27.561,23.267
IZS,İSTANBUL PORTFÖY ALTINCI SERBEST FON,0.687,1.617,1.651,1.55,2.531,2.191,5.049,5.917,7.997,9.651,4.408
IPB,İSTANBUL PORTFÖY BİRİNCİ DEĞİŞKEN FON,2.778,9.63,12.977,17.46,24.37,20.325,32.143,34.545,46.535,39.623,38.318
IRF,İSTANBUL PORTFÖY BİRİNCİ FON SEPETİ FONU,1.443,1.789,3.106,4.276,5.94,6.317,6.601,7.271,8.834,9.232,9.633
IZB,İSTANBUL PORTFÖY BİRİNCİ FON SEPETİ SERBEST FON,2.493,5.463,9.901,9.576,11.056,14.966,21.378,27.586,31.051,31.986,39.711
IJV,İSTANBUL PORTFÖY BİRİNCİ PARA PİYASASI (TL) FONU,0.311,0.703,1.018,1.335,1.575,1.896,2.219,2.544,2.953,3.283,3.614
IVY,İSTANBUL PORTFÖY BLOCKCHAİN TEKNOLOJİLERİ KARMA FON,0.748,-1.942,-2.651,-7.126,-13.025,-5.607,-8.494,-12.269,-9.315,-8.077,-13.951
ACC,İSTANBUL PORTFÖY DÖRDÜNCÜ HİSSE SENEDİ FONU (HİSSE SENEDİ YOĞUN),5.374,15.129,15.93,18.85,29.938,28.436,40.027,42.087,56.813,49.465,53.414
ACK,İSTANBUL PORTFÖY HİSSE SENEDİ FONU(HİSSE SENEDİ YOĞUN FON),2.069,6.475,9.63,12.121,14.729,13.846,18.4,21.311,28.696,25.424,22.314
ACD,İSTANBUL PORTFÖY İKİNCİ DEĞİŞKEN FON,1.846,7.911,7.529,10.665,15.95,13.884,21.037,21.522,31.385,28.466,26.722
IRV,İSTANBUL PORTFÖY İSTATİSTİKSEL ARBİTRAJ SERBEST FON,2.641,4.141,5.231,7.076,8.503,9.335,11.765,14.0,15.229,16.406,17.688
IVF,İSTANBUL PORTFÖY KATILIM HİSSE SENEDİ (TL) FONU (HİSSE SENEDİ YOĞUN FON),5.499,15.627,16.443,20.968,29.921,30.849,35.691,39.123,50.273,48.917,47.717
IST,İSTANBUL PORTFÖY KISA VADELİ BORÇLANMA ARAÇLARI (TL) FONU,0.0,0.0,0.0,0.0,0.0,2.273,2.273,2.273,2.273,2.273,4.651
YCY,İSTANBUL PORTFÖY KİRA SERTİFİKALARI KATILIM FONU,0.405,0.896,1.308,1.724,2.143,2.566,2.993,3.336,3.769,4.118,4.557
IMF,İSTANBUL PORTFÖY MAESTRO SERBEST FON,1.69,1.315,3.996,5.65,7.478,8.263,10.057,10.626,11.652,11.009,9.744
IIE,İSTANBUL PORTFÖY ONDÖRDÜNCÜ SERBEST FON,NaN,NaN,NaN,NaN,NaN,NaN,NaN,NaN,NaN,NaN,NaN
IRO,İSTANBUL PORTFÖY ROBOTİK TEKNOLOJİLERİ SERBEST FON,NaN,NaN,NaN,NaN,NaN,NaN,NaN,NaN,NaN,NaN,NaN
ACU,İSTANBUL PORTFÖY URARTU SERBEST (DÖVİZ) FON,1.516,2.705,3.22,4.69,5.64,7.901,7.752,7.913,8.446,7.392,7.456
IIH,İSTANBUL PORTFÖY ÜÇÜNCÜ HİSSE SENEDİ FONU (HİSSE SENEDİ YOĞUN FON),4.794,17.377,19.062,21.362,29.033,27.784,40.888,43.1,58.254,51.368,47.437
ARE,İSTANBUL PORTFÖY YABANCI (GELİŞMEKTE OLAN PİYASALAR) BORÇLANMA ARAÇLARI FONU,4.0,5.405,8.333,11.429,13.043,14.706,14.706,11.429,11.429,8.333,6.849
TTA,İŞ PORTFÖY ALTIN FONU,1.77,1.77,2.679,8.491,7.477,9.524,7.477,4.545,7.477,9.524,9.524
IBB,İŞ PORTFÖY ATAK DEĞİŞKEN FON,1.228,3.363,3.806,6.753,8.154,8.518,9.997,9.16,12.261,11.646,9.717
IPG,İŞ PORTFÖY ATAK FON SEPETİ FONU,1.5,3.584,5.065,7.66,8.661,9.587,11.584,11.15,13.957,14.007,12.906
IUV,İŞ PORTFÖY BEŞİNCİ SERBEST (DÖVİZ)  FON,0.915,1.694,2.452,2.941,3.514,4.283,4.495,4.535,5.056,5.824,6.43
TAU,İŞ PORTFÖY BIST BANKA ENDEKSİ HİSSE SENEDİ (TL) FONU (HİSSE SENEDİ YOĞUN FON),0.667,4.861,13.534,17.054,17.969,11.029,25.833,31.304,45.192,43.81,25.833
TTE,İŞ PORTFÖY BIST TEKNOLOJİ AĞIRLIK SINIRLAMALI ENDEKSİ HİSSE SENEDİ (TL) FONU (HİSSE SENEDİ YOĞUN FON),1.377,13.58,21.053,23.906,32.374,30.035,48.988,58.621,68.037,65.766,60.699
IDH,İŞ PORTFÖY BIST 100 DIŞI ŞİRKETLER HİSSE SENEDİ (TL) FONU (HİSSE SENEDİ YOĞUN FON),5.666,14.691,26.346,39.295,52.383,50.876,66.849,79.807,98.874,99.347,102.84
TIE,İŞ PORTFÖY BIST 30 ENDEKSİ HİSSE SENEDİ (TL) FONU (HİSSE SENEDİ YOĞUN FON),1.762,9.479,11.058,17.259,26.923,24.194,34.302,35.882,51.974,48.077,43.478
CKS,İŞ PORTFÖY BİRİNCİ KATILIM SERBEST (DÖVİZ) FON,NaN,NaN,NaN,NaN,NaN,NaN,NaN,NaN,NaN,NaN,NaN
IJP,İŞ PORTFÖY BLOCKCHAİN TEKNOLOJİLERİ KARMA FON,1.008,2.589,6.102,13.752,13.98,18.169,17.194,15.997,19.078,16.155,11.811
TI7,İŞ PORTFÖY DENGELİ DEĞİŞKEN FON,1.025,2.565,3.073,5.323,6.401,6.916,7.397,7.101,9.15,8.726,7.287
KKH,İŞ PORTFÖY DENGELİ FON SEPETİ FONU,1.453,2.885,5.013,7.643,8.62,9.399,10.7,10.627,12.408,12.71,12.032
IJB,İŞ PORTFÖY DİJİTAL OYUN SEKTÖRÜ KARMA FON,2.274,3.2,7.013,10.116,10.758,12.36,12.657,10.401,13.782,12.508,8.784
IPJ,İŞ PORTFÖY ELEKTRİKLİ ARAÇLAR KARMA FON,1.329,1.329,0.465,6.382,7.152,11.845,10.888,7.933,9.436,6.23,2.329
TGE,İŞ PORTFÖY EMTİA YABANCI BYF FON SEPETİ FONU,2.273,3.448,0.0,3.448,5.882,8.434,4.651,3.448,7.143,8.434,4.651
IPV,İŞ PORTFÖY EUROBOND BORÇLANMA ARAÇLARI (DÖVİZ) FONU,0.83,1.74,2.019,2.408,2.864,3.817,4.154,4.191,4.578,5.626,6.141
IOG,İŞ PORTFÖY GÜMÜŞ SERBEST FON,4.454,5.991,4.346,14.148,15.786,21.8,19.208,9.799,17.609,16.522,20.418
TI2,İŞ PORTFÖY HİSSE SENEDİ (TL) FONU (HİSSE SENEDİ YOĞUN FON),4.518,13.547,14.873,18.915,27.893,25.117,35.438,38.802,54.965,51.041,48.367
IHT,İŞ PORTFÖY İHRACATÇI ŞİRKETLER HİSSE SENEDİ (TL) FONU (HİSSE SENEDİ YOĞUN FON),6.17,18.671,20.495,24.647,32.613,34.895,42.095,NaN,NaN,NaN,NaN
TI3,İŞ PORTFÖY İŞ BANKASI İŞTİRAKLERİ ENDEKSİ HİSSE SENEDİ (TL) FONU (HİSSE SENEDİ YOĞUN FON),0.713,12.641,16.875,20.87,23.971,24.453,38.837,38.74,49.431,38.931,17.824
IHK,İŞ PORTFÖY İŞ'TE KADIN HİSSE SENEDİ (TL) FONU (HİSSE SENEDİ YOĞUN FON),4.206,12.16,13.81,19.402,28.858,26.493,38.358,40.929,57.893,53.856,50.02
IAT,İŞ PORTFÖY KİRA SERTİFİKALARI KATILIM (TL) FONU,0.0,1.754,1.754,1.754,1.754,3.571,3.571,3.571,5.455,5.455,5.455
FBV,İŞ PORTFÖY MODEL SERBEST FON,2.549,3.633,5.444,10.183,10.962,13.943,11.593,9.644,12.635,11.514,9.11
ONS,İŞ PORTFÖY ONİKİNCİ SERBEST (DÖVİZ) FON,NaN,NaN,NaN,NaN,NaN,NaN,NaN,NaN,NaN,NaN,NaN
TI6,İŞ PORTFÖY ORTA VADELİ BORÇLANMA ARAÇLARI (TL) FONU,0.341,1.796,2.138,1.351,1.806,2.498,3.544,3.681,3.905,4.209,4.748
TBV,İŞ PORTFÖY ÖZEL SEKTÖR BORÇLANMA ARAÇLARI (TL) FONU,0.0,0.0,0.99,0.99,0.99,2.0,2.0,2.0,3.03,3.03,3.03
IKL,İŞ PORTFÖY SAĞLIK ŞİRKETLERİ KARMA FON,1.023,4.032,4.335,7.186,6.35,11.57,10.366,11.223,13.202,14.423,11.57
IDF,İŞ PORTFÖY SERBEST (DÖVİZ) FON,0.482,1.116,1.699,1.934,2.303,2.807,3.085,3.066,3.476,4.614,5.156
IJZ,İŞ PORTFÖY SİBER GÜVENLİK TEKNOLOJİLERİ DEĞİŞKEN FON,0.04,4.686,11.249,17.908,16.264,20.928,24.85,22.767,27.523,27.328,22.647
BIO,İŞ PORTFÖY SÜRDÜRÜLEBİLİRLİK HİSSE SENEDİ (TL) FONU (HİSSE SENEDİ YOĞUN FON),NaN,NaN,NaN,NaN,NaN,NaN,NaN,NaN,NaN,NaN,NaN
IJT,İŞ PORTFÖY TARIM SERBEST FON,0.495,4.106,3.795,3.751,7.651,7.842,9.64,10.737,15.137,12.529,13.898
IEV,İŞ PORTFÖY TAŞIMACILIK DEĞİŞKEN FON,2.534,4.242,4.164,9.904,10.522,15.146,15.146,17.206,21.77,20.702,14.476
ITP,İŞ PORTFÖY TEKNOLOJİ KARMA FON,0.887,1.218,3.298,9.584,5.828,8.866,8.648,6.716,8.538,8.104,5.312
TMC,İŞ PORTFÖY TEMA DEĞİŞKEN FON,0.0,2.326,2.326,2.326,2.326,2.326,4.762,4.762,4.762,4.762,4.762
TI4,İŞ PORTFÖY TEMKİNLİ DEĞİŞKEN FON,0.737,1.423,1.985,3.197,3.343,3.838,4.21,4.161,5.491,5.591,5.337
ILZ,İŞ PORTFÖY TEMKİNLİ FON SEPETİ FONU,1.246,1.881,3.116,4.871,5.303,5.865,6.369,6.432,7.392,7.78,7.715
EDU,İŞ PORTFÖY TEV EĞİTİME DESTEK SERBEST FON,NaN,NaN,NaN,NaN,NaN,NaN,NaN,NaN,NaN,NaN,NaN
TDG,İŞ PORTFÖY YABANCI BORÇLANMA ARAÇLARI FONU,0.0,0.0,1.648,2.778,2.21,4.52,2.778,2.21,2.778,2.21,1.648
TMG,İŞ PORTFÖY YABANCI HİSSE SENEDİ FONU,0.342,1.034,2.448,8.519,5.776,9.738,9.328,9.328,11.407,10.15,6.934
IJC,İŞ PORTFÖY YARI İLETKEN TEKNOLOJİLERİ DEĞİŞKEN FON,1.351,6.635,11.478,22.393,28.205,33.73,33.531,30.561,36.778,36.226,30.687
IUF,İŞ PORTFÖY YEDİNCİ SERBEST (DÖVİZ-AVRO) FON,1.487,2.224,3.724,8.94,6.378,9.615,10.152,9.711,9.97,11.305,9.964
IKP,İŞ PORTFÖY YENİLENEBİLİR ENERJİ KARMA FON,0.086,2.697,4.734,10.252,12.006,16.441,16.558,13.873,15.515,13.262,8.147
KRC,KARE PORTFÖY BİRİNCİ BORÇLANMA ARAÇLARI FONU,0.0,2.632,2.632,2.632,2.632,2.632,5.405,5.405,5.405,5.405,5.405
KRF,KARE PORTFÖY BİRİNCİ DEĞİŞKEN FON,1.413,6.937,7.739,9.251,12.902,12.378,18.158,18.524,23.032,21.599,20.199
KUB,KARE PORTFÖY DEĞİŞKEN  (DÖVİZ) FONU,0.0,1.538,2.062,5.319,5.882,7.609,8.791,8.791,9.392,8.197,5.319
KYA,KARE PORTFÖY HİSSE SENEDİ FONU(HİSSE SENEDİ YOĞUN FON),2.312,12.739,13.099,16.066,22.069,20.819,32.584,34.091,48.739,43.32,42.169
KPP,KARE PORTFÖY PARA PİYASASI FONU,NaN,NaN,NaN,NaN,NaN,NaN,NaN,NaN,NaN,NaN,NaN
KRS,KARE PORTFÖY SERBEST (DÖVİZ) FON,0.676,2.759,3.472,9.559,8.759,12.03,14.615,13.74,15.504,14.615,9.559
KRT,KARE PORTFÖY TÜRKİYE ODAKLI SERBEST (DÖVİZ ) FON,-0.175,0.913,1.789,1.962,2.889,3.78,4.193,4.341,5.059,5.806,6.221
KZL,KUVEYT TÜRK PORTFÖY ALTIN KATILIM FONU,2.64,2.372,3.229,9.377,8.551,10.723,9.017,5.888,8.551,10.158,10.497
KAV,KUVEYT TÜRK PORTFÖY ALTINCI KATILIM SERBEST (DÖVİZ-AVRO) FON,1.228,1.687,3.295,7.881,5.027,8.288,8.505,8.007,8.27,9.478,7.989
KDL,KUVEYT TÜRK PORTFÖY BEŞİNCİ KATILIM SERBEST (DÖVİZ) FON,0.069,0.192,0.692,0.294,0.379,0.503,0.632,0.686,0.957,1.816,2.55
KTR,KUVEYT TÜRK PORTFÖY BİRİNCİ KATILIM SERBEST (TL) FON,0.411,0.788,1.205,1.588,1.973,2.362,2.714,3.108,3.466,3.865,4.269
KTM,KUVEYT TÜRK PORTFÖY BİRİNCİ KATILIM (TL) FONU,2.11,6.761,7.537,9.078,12.98,13.202,16.723,18.08,23.692,22.58,23.663
KCV,KUVEYT TÜRK PORTFÖY ÇOKLU VARLIK KATILIM FONU,NaN,NaN,NaN,NaN,NaN,NaN,NaN,NaN,NaN,NaN,NaN
KTT,KUVEYT TÜRK PORTFÖY DÖRDÜNCÜ KATILIM SERBEST (DÖVİZ) FON,0.475,1.02,1.534,2.023,2.468,3.806,2.581,2.522,1.284,1.901,2.463
KPU,KUVEYT TÜRK PORTFÖY İKİNCİ KATILIM HİSSE SENEDİ (TL) FONU (HİSSE SENEDİ YOĞUN FON),NaN,NaN,NaN,NaN,NaN,NaN,NaN,NaN,NaN,NaN,NaN
KTS,KUVEYT TÜRK PORTFÖY İKİNCİ KATILIM SERBEST FON,3.2,7.596,8.176,9.754,14.812,14.959,18.426,20.803,27.723,26.471,26.692
KPC,KUVEYT TÜRK PORTFÖY KATILIM HİSSE SENEDİ (TL) FONU (HİSSE SENEDİ YOĞUN FON),4.877,14.453,16.791,20.545,30.222,30.877,39.732,44.513,61.878,58.7,59.782
KSV,KUVEYT TÜRK PORTFÖY KISA VADELİ KATILIM SERBEST (TL) FON,0.404,0.743,1.153,1.497,1.843,2.192,2.543,2.897,3.253,3.611,3.972
KTV,KUVEYT TÜRK PORTFÖY KISA VADELİ KİRA SERTİFİKALARI KATILIM (TL) FONU,0.377,0.709,1.043,1.38,1.718,2.059,2.452,2.798,3.146,3.497,3.901
KUT,KUVEYT TÜRK PORTFÖY KIYMETLİ MADENLER KATILIM FONU,3.378,3.756,3.164,12.183,12.12,16.794,14.179,6.993,13.463,13.787,16.384
KTN,KUVEYT TÜRK PORTFÖY KİRA SERTİFİKALARI KATILIM (TL) FONU,0.427,0.74,1.134,1.571,2.213,2.701,2.946,3.275,3.772,4.106,4.951
KLU,KUVEYT TÜRK PORTFÖY PARA PİYASASI KATILIM (TL) FONU,0.307,0.694,1.006,1.32,1.715,2.033,2.353,2.675,2.999,3.407,3.736
KSR,KUVEYT TÜRK PORTFÖY SÜRDÜRÜLEBİLİRLİK KATILIM FONU,1.21,5.854,5.437,8.692,11.779,13.294,13.679,13.582,17.782,17.575,15.844
IDD,LOGOS PORTFÖY DİNAMİK DAĞIMLI SERBEST FON,3.509,3.509,5.357,9.259,11.321,11.321,13.462,13.462,15.686,15.686,15.686
MAC,MARMARA CAPITAL PORTFÖY HİSSE SENEDİ (TL) FONU (HİSSE SENEDİ YOĞUN FON),5.179,16.814,22.791,30.049,35.385,38.22,49.153,51.724,69.231,60.0,53.488
MAD,MEKSA PORTFÖY BİRİNCİ DEĞİŞKEN FON,4.035,15.335,17.208,21.141,27.113,25.784,37.786,41.016,57.642,51.046,52.966
MBL,MEKSA PORTFÖY İKİNCİ DEĞİŞKEN FON,0.0,0.0,0.0,0.0,0.0,0.0,0.0,1.25,1.25,1.25,1.25
NBH,NEO PORTFÖY ALGORİTMİK STRATEJİLER SERBEST FON,2.107,5.775,6.904,9.475,13.102,15.895,17.161,21.718,24.544,26.858,29.038
NZH,NEO PORTFÖY BİRİNCİ BORÇLANMA ARAÇLARI FONU,0.423,0.849,1.278,1.712,2.149,2.59,3.035,3.483,3.936,4.392,4.853
NRC,NEO PORTFÖY BİRİNCİ DEĞİŞKEN FON,3.577,11.911,13.224,16.496,17.876,15.524,27.146,31.34,51.667,47.113,42.569
NHP,NEO PORTFÖY BİRİNCİ FON SEPETİ FONU,1.498,4.555,5.642,7.396,9.126,10.139,12.49,13.206,15.41,15.597,16.069
NHY,NEO PORTFÖY BİRİNCİ HİSSE SENEDİ (TL) FONU (HİSSE SENEDİ YOĞUN FON),3.03,11.514,13.093,16.218,18.195,15.881,26.926,31.306,50.613,46.069,41.416
NRG,NEO PORTFÖY BİRİNCİ PARA PİYASASI FONU,0.404,0.812,1.305,1.72,2.138,2.56,2.985,3.414,3.933,4.282,4.722
NBZ,NEO PORTFÖY BİRİNCİ SERBEST (DÖVİZ) FON,1.388,1.943,2.695,2.646,2.571,3.075,3.287,3.436,3.908,5.16,5.884
NSK,NEO PORTFÖY BİRİNCİ SERBEST FON,0.984,1.249,1.449,2.122,3.217,3.914,4.265,5.335,5.624,7.093,8.374
NVB,NEO PORTFÖY İKİNCİ PARA PİYASASI (TL) FON,0.372,0.84,1.313,1.695,2.176,2.564,3.053,3.448,3.946,4.348,4.854
NVZ,NEO PORTFÖY ORSA SERBEST (DÖVİZ) FON,NaN,NaN,NaN,NaN,NaN,NaN,NaN,NaN,NaN,NaN,NaN
NZT,NEO PORTFÖY PARA PİYASASI SERBEST FON,0.358,0.718,1.154,0.863,1.227,1.668,2.038,1.816,2.261,2.711,3.469
NVT,NEO PORTFÖY ÜÇÜNCÜ SERBEST (TL) FON,0.471,0.851,1.33,1.813,2.203,2.596,2.992,3.391,3.794,4.098,4.505
NJF,NUROL PORTFÖY ALTIN FONU,2.292,2.033,2.869,7.552,7.841,9.19,8.248,5.518,7.552,8.894,9.19
NJR,NUROL PORTFÖY BİRİNCİ BORÇLANMA ARAÇLARI FONU,0.549,1.024,1.504,1.989,2.478,2.972,3.471,3.974,4.482,4.996,5.514
NJY,NUROL PORTFÖY BİRİNCİ KATILIM FONU,0.924,3.373,3.988,5.687,8.983,9.051,11.062,11.345,15.086,15.01,15.619
NJG,NUROL PORTFÖY BİRİNCİ SERBEST FON,0.48,0.721,1.126,1.617,2.112,2.529,2.948,3.542,4.056,4.489,4.925
NSD,NUROL PORTFÖY DÖRDÜNCÜ SERBEST (DÖVİZ) FON,NaN,NaN,NaN,NaN,NaN,NaN,NaN,NaN,NaN,NaN,NaN
PPN,NUROL PORTFÖY PARA PİYASASI (TL) FONU,0.389,0.86,1.256,1.735,2.138,2.625,3.035,3.448,3.865,4.369,4.793
NTS,NUROL PORTFÖY TAŞINMAZ SEKTÖRÜ SERBEST FON,NaN,NaN,NaN,NaN,NaN,NaN,NaN,NaN,NaN,NaN,NaN
NCS,NUROL PORTFÖY ÜÇÜNCÜ SERBEST (DÖVİZ) FON,NaN,NaN,NaN,NaN,NaN,NaN,NaN,NaN,NaN,NaN,NaN
OPF,OSMANLI PORTFÖY AGRESİF DEĞİŞKEN FON,NaN,NaN,NaN,NaN,NaN,NaN,NaN,NaN,NaN,NaN,NaN
OIL,OSMANLI PORTFÖY AGRESİF FON SEPETİ FONU,4.765,14.424,17.034,20.991,29.003,28.037,36.436,39.529,51.775,47.555,42.897
OPD,OSMANLI PORTFÖY ANKA SERBEST FON,5.487,5.487,5.487,5.487,10.061,10.061,10.061,10.061,10.061,11.928,11.928
OUD,OSMANLI PORTFÖY ATLANTİK SERBEST (DÖVİZ) FON,2.336,3.315,4.542,4.836,5.964,6.869,7.068,7.056,7.814,8.053,8.597
OPB,OSMANLI PORTFÖY BİRİNCİ DEĞİŞKEN FON,3.921,7.094,8.162,9.011,12.217,12.654,15.234,16.354,19.313,18.863,19.848
OLE,OSMANLI PORTFÖY BİRİNCİ FON SEPETİ FONU,1.147,2.405,2.831,3.782,4.661,4.928,5.646,5.918,6.834,7.112,7.391
OPH,OSMANLI PORTFÖY BİRİNCİ HİSSE SENEDİ FONU(HİSSE SENEDİ YOĞUN FON),8.888,20.495,24.64,28.61,42.058,42.751,53.365,58.231,72.95,71.411,76.92
ODP,OSMANLI PORTFÖY BİRİNCİ SERBEST FON,1.586,2.974,3.223,8.929,5.78,9.957,12.566,9.957,13.665,12.073,7.376
OIR,OSMANLI PORTFÖY DENGELİ FON SEPETİ FONU,2.417,6.36,7.53,9.853,12.378,12.478,14.711,15.651,19.007,18.563,18.233
OPL,OSMANLI PORTFÖY İKİNCİ DEĞİŞKEN FON,2.896,5.306,6.169,6.734,8.469,8.683,10.592,10.704,12.916,12.916,13.733
OPI,OSMANLI PORTFÖY İKİNCİ HİSSE SENEDİ FONU(HİSSE SENEDİ YOĞUN FON),5.527,17.502,20.97,24.59,34.548,35.222,44.882,48.539,62.88,58.815,58.751
OLA,OSMANLI PORTFÖY İKİNCİ SERBEST (DÖVİZ- AVRO) FON,4.08,5.462,7.091,13.738,11.77,16.407,16.264,15.598,16.016,16.604,14.049
OSL,OSMANLI PORTFÖY KISA VADELİ BORÇLANMA ARAÇLARI (TL) FONU,0.0,0.0,0.0,0.0,2.564,2.564,2.564,2.564,2.564,2.564,2.564
OSD,OSMANLI PORTFÖY ÖZEL SEKTÖR BORÇLANMA ARAÇLARI FONU,0.498,0.874,1.254,1.861,2.312,2.637,3.03,3.659,4.261,4.497,4.904
OGD,OYAK PORTFÖY ALTIN KATILIM FONU,2.588,2.283,3.153,9.048,8.189,10.273,8.36,5.207,7.849,9.511,9.803
OKT,OYAK PORTFÖY BİRİNCİ BORÇLANMA ARAÇLARI FONU,0.0,0.0,2.632,2.632,2.632,2.632,2.632,2.632,2.632,5.405,5.405
OKD,OYAK PORTFÖY BİRİNCİ DEĞİŞKEN FON,4.545,13.115,15.0,20.0,24.324,22.124,30.189,32.692,40.816,38.0,39.394
OFS,OYAK PORTFÖY BİRİNCİ FON SEPETİ FONU,2.505,6.029,7.042,10.718,13.071,13.858,16.603,16.284,21.809,21.185,19.82
OHB,OYAK PORTFÖY BİRİNCİ HİSSE SENEDİ (TL) FONU (HİSSE SENEDİ YOĞUN FON),3.614,14.685,16.342,21.662,29.651,26.389,37.486,39.286,53.784,48.721,47.36
OTK,OYAK PORTFÖY BİRİNCİ KATILIM SERBEST FON,1.145,3.859,2.988,3.289,4.319,4.744,5.763,6.321,9.323,8.86,10.047
OKP,OYAK PORTFÖY BİRİNCİ KISA VADELİ BORÇLANMA ARAÇLARI (TL) FONU,0.313,0.692,1.073,1.393,1.715,2.04,2.431,2.76,3.157,3.491,3.961
ODD,OYAK PORTFÖY DÖRDÜNCÜ SERBEST FON,0.854,2.773,3.363,4.362,5.381,5.292,6.329,6.599,11.867,9.565,9.98
OBI,OYAK PORTFÖY İKİNCİ BORÇLANMA ARAÇLARI (TL) FONU,-0.097,2.178,2.279,-1.244,-0.482,1.276,NaN,NaN,NaN,NaN,NaN
OBP,OYAK PORTFÖY İKİNCİ DEĞİŞKEN FON,0.0,4.255,4.255,2.083,2.083,8.889,8.889,8.889,11.364,11.364,13.953
OFI,OYAK PORTFÖY İKİNCİ FON SEPETİ FONU,2.595,5.422,5.893,8.807,11.049,13.493,14.258,12.524,17.893,16.047,12.311
ODS,OYAK PORTFÖY İKİNCİ SERBEST(DÖVİZ) FON,2.212,3.68,3.984,6.044,7.105,8.949,9.942,9.4,10.224,11.105,11.37
OHK,OYAK PORTFÖY KATILIM HİSSE SENEDİ (TL) FONU (HİSSE SENEDİ YOĞUN FON),NaN,NaN,NaN,NaN,NaN,NaN,NaN,NaN,NaN,NaN,NaN
OTJ,OYAK PORTFÖY KIYMETLİ MADENLER FON SEPETİ FONU,3.519,2.766,1.364,7.051,7.54,10.572,9.288,3.443,8.449,10.399,10.745
PPP,PERFORM PORTFÖY PARA PİYASASI (TL) FONU,NaN,NaN,NaN,NaN,NaN,NaN,NaN,NaN,NaN,NaN,NaN
PPB,PHİLLİP PORTFÖY BİRİNCİ HİSSE SENEDİ FONU (HİSSE SENEDİ YOĞUN FON),5.271,12.45,13.259,18.315,27.805,25.376,33.585,37.005,53.88,47.401,50.531
PPS,PHİLLİP PORTFÖY BİRİNCİ SERBEST FON,0.705,0.973,1.241,1.692,2.147,2.238,2.883,4.007,4.675,5.351,6.035
PFO,PHİLLİP PORTFÖY FON SEPETİ FONU,NaN,NaN,NaN,NaN,NaN,NaN,NaN,NaN,NaN,NaN,NaN
PJL,PHİLLİP PORTFÖY PARA PİYASASI FONU,0.407,0.735,1.148,1.48,1.815,2.152,2.577,2.919,3.264,3.697,4.047
PPE,PHİLLİP PORTFÖY SERBEST (DÖVİZ) FON,NaN,NaN,NaN,NaN,NaN,NaN,NaN,NaN,NaN,NaN,NaN
PBK,QİNVEST PORTFÖY BİRİNCİ KATILIM SERBEST(DÖVİZ) FON,0.396,1.197,1.292,2.029,2.248,2.942,2.971,3.103,1.894,2.52,3.304
PDF,QİNVEST PORTFÖY BİRİNCİ SERBEST (DÖVİZ) FON,0.263,0.574,0.962,0.733,0.936,1.364,1.504,1.602,1.9,2.888,3.727
EIB,QİNVEST PORTFÖY DEĞİŞKEN FON,1.46,3.731,4.511,4.511,5.303,6.107,7.752,9.449,11.2,15.833,17.797
EID,QİNVEST PORTFÖY HİSSE SENEDİ FONU (HİSSE YOĞUN FON),3.761,12.201,16.958,20.256,29.558,28.142,37.941,42.553,56.333,56.856,58.983
EIC,QİNVEST PORTFÖY İKİNCİ DEĞİŞKEN FONU,1.923,6.0,6.0,8.163,10.417,10.417,12.766,15.217,20.455,23.256,26.19
IZF,QİNVEST PORTFÖY İKİNCİ KATILIM SERBEST FON,1.87,4.025,2.694,3.812,5.028,6.124,7.698,8.464,9.87,11.071,12.796
PDD,QİNVEST PORTFÖY KATILIM FONU,1.366,4.212,3.58,4.212,5.566,6.821,8.312,9.283,10.916,12.155,14.028
ELZ,QİNVEST PORTFÖY KATILIM HİSSE SENEDİ FONU (HİSSE SENEDİ YOĞUN FON),4.845,14.098,17.805,19.64,29.231,29.274,37.39,42.075,53.247,54.152,54.883
KIS,QİNVEST PORTFÖY KİRA SERTİFİKASI KATILIM (DÖVİZ) FONU,0.0,1.429,1.429,1.429,1.429,2.899,2.899,2.899,1.429,2.899,2.899
EKF,QİNVEST PORTFÖY KİRA SERTİFİKASI KATILIM (TL) FONU,0.0,3.125,3.125,3.125,3.125,6.452,6.452,10.0,10.0,10.0,13.793
EIL,QİNVEST PORTFÖY PARA PİYASASI FONU,0.316,0.714,1.034,1.438,1.763,2.172,2.502,2.917,3.336,3.758,4.184
OJK,QNB FİNANS PORTFÖY ALTIN FONU,2.129,2.223,3.035,8.773,8.292,10.682,6.877,4.35,7.764,10.02,11.408
OJB,QNB FİNANS PORTFÖY BEŞİNCİ SERBEST (DÖVİZ) FON,0.0,0.0,0.0,0.0,0.0,0.0,0.0,0.0,0.0,1.633,1.633
BID,QNB FİNANS PORTFÖY BIST 100 DIŞI ŞİRKETLER HİSSE SENEDİ (TL) FONU (HİSSE SENEDİ YOĞUN FON),NaN,NaN,NaN,NaN,NaN,NaN,NaN,NaN,NaN,NaN,NaN
FNO,QNB FİNANS PORTFÖY BİRİNCİ DEĞİŞKEN FON,0.0,2.041,2.041,2.041,4.167,4.167,4.167,4.167,8.696,8.696,8.696
FYD,QNB FİNANS PORTFÖY BİRİNCİ HİSSE SENEDİ FONU (HİSSE SENEDİ YOĞUN FON),3.606,11.36,12.716,16.824,25.301,21.112,28.986,34.395,50.814,46.699,44.85
FPZ,QNB FİNANS PORTFÖY BİRİNCİ SERBEST (DÖVİZ) FON,0.762,1.689,1.833,2.637,3.286,4.627,4.785,4.896,5.219,6.676,7.13
FI3,QNB FİNANS PORTFÖY BORÇLANMA ARAÇLARI FONU,0.64,3.352,4.385,2.872,3.511,3.345,6.058,6.142,6.722,6.547,7.276
FFH,QNB FİNANS PORTFÖY ÇOKLU VARLIK KATILIM FONU,1.837,4.643,5.613,7.891,10.566,10.447,11.71,13.315,16.27,16.138,16.204
OVD,QNB FİNANS PORTFÖY EMTİA FON SEPETİ FONU,-0.196,1.499,-1.359,-0.587,1.702,3.779,1.6,-0.781,2.938,3.885,0.694
FUB,QNB FİNANS PORTFÖY EUROBOND (DÖVİZ) BORÇLANMA ARAÇLARI FONU,0.926,2.347,2.347,3.318,4.306,6.341,6.863,6.863,6.863,8.458,8.458
FFP,QNB FİNANS PORTFÖY FON SEPETİ FONU,0.053,0.53,0.85,1.443,2.043,2.484,2.65,2.706,3.829,4.4,4.573
FKE,QNB FİNANS PORTFÖY KRİSTAL SERBEST (DÖVİZ-AVRO) FON,NaN,NaN,NaN,NaN,NaN,NaN,NaN,NaN,NaN,NaN,NaN
FYO,QNB FİNANS PORTFÖY ÖZEL SEKTÖR BORÇLANMA ARAÇLARI FONU,0.673,1.014,1.356,1.701,2.048,2.397,3.103,3.46,3.819,4.181,4.545
FSK,QNB FİNANS PORTFÖY PARA PİYASASI SERBEST (TL) FON,0.347,0.696,1.048,1.403,1.688,2.047,2.335,2.699,2.991,3.36,3.73
OJT,QNB FİNANS PORTFÖY TEKNOLOJİ FON SEPETİ FONU,0.694,3.622,5.671,14.294,11.655,14.681,19.682,16.926,19.471,18.495,14.941
OLD,QNB FİNANS PORTFÖY TEMİZ ENERJİ VE SU FON SEPETİ FONU,0.285,2.326,2.475,9.572,11.304,18.419,19.423,15.885,17.726,18.819,12.64
RBR,RE-PIE  PORTFÖY BİRİNCİ KATILIM SERBEST FON,NaN,NaN,NaN,NaN,NaN,NaN,NaN,NaN,NaN,NaN,NaN
RJG,RE-PIE PORTFÖY ALTIN KATILIM FONU,NaN,NaN,NaN,NaN,NaN,NaN,NaN,NaN,NaN,NaN,NaN
RPD,RE-PIE PORTFÖY BİRİNCİ DEĞİŞKEN FON,1.631,5.146,7.503,11.295,14.305,15.097,18.884,19.626,24.153,24.525,26.548
RTH,RE-PIE PORTFÖY BİRİNCİ HİSSE SENEDİ SERBEST FON (HİSSE SENEDİ YOĞUN FON),NaN,NaN,NaN,NaN,NaN,NaN,NaN,NaN,NaN,NaN,NaN
RTP,RE-PIE PORTFÖY BİRİNCİ SERBEST FON,2.32,7.822,11.267,17.317,22.455,23.369,29.232,30.164,37.275,37.465,41.08
RIK,RE-PIE PORTFÖY İKİNCİ DEĞİŞKEN FON,NaN,NaN,NaN,NaN,NaN,NaN,NaN,NaN,NaN,NaN,NaN
RPG,ROTA PORTFÖY ALTIN FONU,2.251,1.964,2.733,7.921,6.758,8.674,6.654,3.416,5.416,7.073,7.283
RPS,ROTA PORTFÖY BİRİNCİ SERBEST (DÖVİZ) FON,0.693,1.312,1.007,1.954,2.681,4.042,4.343,4.26,4.5,5.963,6.473
CPT,ROTA PORTFÖY ÇİP TEKNOLOJİLERİ DEĞİŞKEN FON,NaN,NaN,NaN,NaN,NaN,NaN,NaN,NaN,NaN,NaN,NaN
RHS,ROTA PORTFÖY HİSSE SENEDİ (TL) FON (HİSSE SENEDİ YOĞUN FON),3.136,11.824,14.387,18.316,27.489,24.741,35.869,38.868,57.112,52.637,44.99
RPT,ROTA PORTFÖY İKİNCİ SERBEST (TL) FON,0.443,0.98,1.431,1.887,2.347,2.811,3.279,3.751,4.132,4.709,5.195
RPC,ROTA PORTFÖY İKLİM DEĞİŞİKLİĞİ ÇÖZÜMLERİ DEĞİŞKEN FON,1.41,7.025,8.368,14.602,15.419,21.255,24.4,21.141,23.333,22.17,14.198
RPM,ROTA PORTFÖY İLAÇ VE MEDİKAL TEKNOLOJİLERİ DEĞİŞKEN FON,7.772,11.302,11.668,16.253,17.256,20.159,22.432,24.223,27.486,28.571,24.565
RPP,ROTA PORTFÖY PARA PİYASASI (TL) FONU,0.445,0.804,1.256,1.62,2.08,2.45,2.823,3.199,3.673,4.055,4.44
PIL,ROTA PORTFÖY PİL TEKNOLOJİLERİ VE ENERJİ FON SEPETİ FONU,NaN,NaN,NaN,NaN,NaN,NaN,NaN,NaN,NaN,NaN,NaN
RPX,ROTA PORTFÖY ÜÇÜNCÜ SERBEST (DÖVİZ) FON,0.604,1.443,0.815,2.15,3.026,4.787,5.364,5.503,5.627,7.877,8.171
SVB,STRATEJİ PORTFÖY AGRESİF DEĞİŞKEN FON,3.354,9.394,11.962,15.247,21.911,21.763,28.315,31.863,41.056,36.537,38.233
AN1,STRATEJİ PORTFÖY BİRİNCİ DEĞİŞKEN FON,3.522,8.768,9.51,11.518,17.401,16.83,23.76,27.149,36.272,33.041,33.199
ST1,STRATEJİ PORTFÖY BİRİNCİ HİSSE SENEDİ FONU (HİSSE SENEDİ YOĞUN FON),5.148,20.315,25.674,29.824,36.03,37.611,51.215,58.449,82.616,74.206,74.475
TPF,TACİRLER PORTFÖY BORÇLANMA ARAÇLARI FONU,1.287,3.637,4.174,3.726,4.414,4.626,4.99,5.265,5.234,5.357,5.912
TCD,TACİRLER PORTFÖY DEĞIŞKEN FON,6.891,20.315,24.344,30.847,41.606,41.952,50.129,51.751,63.699,62.751,63.018
TKF,TACİRLER PORTFÖY HİSSE SENEDİ FONU (HİSSE SENEDİ YOĞUN FON),2.032,9.641,8.776,11.059,17.39,20.233,25.782,27.164,36.715,34.732,35.296
TCB,TACİRLER PORTFÖY PARA PİYASASI FONU,0.0,0.0,1.724,1.724,1.724,1.724,1.724,1.724,1.724,3.509,3.509
TUA,TEB PORTFÖY ALTIN FONU,2.479,2.058,2.905,9.251,8.297,10.714,8.297,5.085,7.826,9.251,9.735
TJT,TEB PORTFÖY ALTINCI SERBEST (DÖVİZ-AVRO) FON,1.773,2.877,4.381,10.399,8.039,12.831,13.416,13.107,13.21,14.663,12.774
TFF,TEB PORTFÖY AMERİKA TEKNOLOJİ YABANCI BYF FON SEPETİ FONU,1.198,2.262,2.166,11.374,4.287,8.958,11.39,6.764,6.336,7.151,3.098
YZH,TEB PORTFÖY BIST BANKA ENDEKSİ HİSSE SENEDİ FONU (HİSSE SENEDİ YOĞUN),0.34,5.153,12.894,16.054,17.182,10.45,24.965,29.985,44.185,42.328,25.319
TE4,TEB PORTFÖY BİRİNCİ DEĞİŞKEN FON,0.807,2.333,2.204,2.011,2.592,4.105,4.913,5.253,6.706,7.058,7.626
TPC,TEB PORTFÖY BİRİNCİ FON SEPETİ FONU,1.865,2.018,0.237,0.654,3.864,5.943,5.547,2.667,8.488,8.942,7.729
TPJ,TEB PORTFÖY BİRİNCİ SERBEST (DÖVİZ) FON,0.507,1.316,1.281,2.451,2.974,4.617,5.035,5.395,5.248,6.406,6.784
TBT,TEB PORTFÖY BORÇLANMA ARAÇLARI FONU,0.501,0.948,0.825,0.966,1.532,2.461,3.281,3.418,3.681,3.766,4.146
TPL,TEB PORTFÖY EUROBOND (DÖVİZ) BORÇLANMA ARAÇLARI FONU,0.378,1.081,1.066,1.935,2.564,4.06,4.452,4.584,4.749,6.548,6.891
GMC,TEB PORTFÖY GÜMÜŞ FON SEPETİ FONU,7.106,9.187,6.552,11.151,18.961,20.233,24.723,14.127,20.585,21.534,18.846
TYH,TEB PORTFÖY HİSSE SENEDİ FONU (HİSSE SENEDİ YOĞUN FON),3.03,12.165,13.57,16.738,25.635,22.523,33.333,36.0,51.955,47.027,43.915
IDY,TEB PORTFÖY İKİNCİ DEĞİŞKEN FON,0.0,2.0,0.0,0.0,2.0,4.082,6.25,6.25,6.25,8.511,8.511
TJI,TEB PORTFÖY İKİNCİ FON SEPETİ FONU,3.163,2.773,2.193,3.293,4.887,6.254,8.516,8.3,12.096,11.866,10.576
TPZ,TEB PORTFÖY KİRA SERTİFİKALARI (DÖVİZ) KATILIM FONU,0.599,1.448,2.0,2.859,3.52,4.554,4.949,4.99,3.76,4.351,5.018
MTX,TEB PORTFÖY METAVERSE VE DİJİTAL TEKNOLOJİLER DEĞİŞKEN FON,2.657,5.141,4.196,13.37,8.195,10.254,15.632,11.432,14.741,11.79,6.646
TE3,TEB PORTFÖY MUTLAK GETİRİ HEDEFLİ DEĞİŞKEN FON,0.657,1.904,2.03,1.801,2.331,3.466,4.157,4.651,5.715,6.312,6.965
SHE,TEB PORTFÖY ÖNCE KADIN DEĞİŞKEN FON,NaN,NaN,NaN,NaN,NaN,NaN,NaN,NaN,NaN,NaN,NaN
TOT,TEB PORTFÖY ÖZEL SEKTÖR BORÇLANMA ARAÇLARI FONU,0.327,0.65,0.975,1.295,1.611,1.97,2.297,2.622,2.951,3.281,3.595
TPP,TEB PORTFÖY PUSULA SERBEST FON,3.612,8.957,12.549,13.698,16.906,19.559,23.629,24.855,30.064,30.59,29.336
TBE,TEB PORTFÖY SAĞLIK VE BİYOTEKNOLOJİ DEĞİŞKEN FON,5.273,7.585,NaN,NaN,NaN,NaN,NaN,NaN,NaN,NaN,NaN
TJF,TEB PORTFÖY SÜRDÜRÜLEBİLİRLİK FON SEPETİ FONU,1.902,3.067,3.005,10.867,11.01,16.757,18.945,16.046,15.889,14.115,7.125
TGX,TEB PORTFÖY TARIM VE GIDA TEKNOLOJİLERİ DEĞİŞKEN FON,1.373,5.165,2.074,4.885,7.169,10.374,16.355,13.996,21.377,23.536,21.502
TCF,TEB PORTFÖY ÜÇÜNCÜ FON SEPETİ FONU,NaN,NaN,NaN,NaN,NaN,NaN,NaN,NaN,NaN,NaN,NaN
TMV,TERA PORTFÖY ALGORİTMİK STRATEJİLER SERBEST FON,0.938,1.128,1.414,2.184,3.065,4.466,4.976,6.64,7.385,8.687,11.387
TMM,TERA PORTFÖY İKİNCİ SERBEST (DÖVİZ) FON,NaN,NaN,NaN,NaN,NaN,NaN,NaN,NaN,NaN,NaN,NaN
TVN,TRIVE PORTFÖY BİRİNCİ FON SEPETİ FONU,NaN,NaN,NaN,NaN,NaN,NaN,NaN,NaN,NaN,NaN,NaN
THD,TRIVE PORTFÖY BİRİNCİ HİSSE SENEDİ (TL) FON (HİSSE SENEDİ YOĞUN FON),NaN,NaN,NaN,NaN,NaN,NaN,NaN,NaN,NaN,NaN,NaN
KID,TRIVE PORTFÖY BİRİNCİ SERBEST (DÖVİZ) FON,1.785,3.331,3.387,3.713,4.794,5.575,5.238,4.776,5.174,NaN,NaN
KIF,TRIVE PORTFÖY EMTİA SERBEST FON,2.207,2.515,1.595,3.347,4.835,5.269,5.052,-0.098,1.697,NaN,NaN
KIA,TRIVE PORTFÖY MUTLAK GETİRİ HEDEFLİ DEĞİŞKEN FON,2.005,7.735,9.142,10.377,14.035,12.717,16.418,NaN,NaN,NaN,NaN
KIE,TRIVE PORTFÖY PARA PİYASASI (TL) FONU,0.375,0.848,1.23,1.614,2.099,2.49,2.984,3.382,3.883,4.288,4.799
KIB,TRIVE PORTFÖY ROBOTİK TEKNOLOJİLERİ DEĞİŞKEN FON,2.51,4.184,NaN,NaN,NaN,NaN,NaN,NaN,NaN,NaN,NaN
UP1,ÜNLÜ PORTFÖY ALTIN FONU,NaN,NaN,NaN,NaN,NaN,NaN,NaN,NaN,NaN,NaN,NaN
SUA,ÜNLÜ PORTFÖY BİRİNCİ DEĞİŞKEN FON,0.806,2.459,2.459,3.306,4.167,4.167,5.932,5.932,7.759,7.759,7.759
UPD,ÜNLÜ PORTFÖY DÖRDÜNCÜ SERBEST (DÖVIZ) FON,0.539,1.243,1.665,2.09,2.652,3.371,3.628,3.764,4.238,5.291,5.905
UPH,ÜNLÜ PORTFÖY HİSSE SENEDİ (TL) FONU(HİSSE SENEDİ YOĞUN FON),3.279,14.121,14.137,19.466,29.07,25.543,36.328,37.523,52.727,45.997,45.131
SUB,ÜNLÜ PORTFÖY İKİNCİ DEĞİŞKEN FON,3.297,11.905,13.253,14.634,17.5,17.5,22.078,23.684,28.767,27.027,27.027
UJA,ÜNLÜ PORTFÖY İSTATİSTİKSEL ARBİTRAJ SERBEST FON,0.715,1.149,1.221,1.88,2.473,3.451,3.527,4.525,5.071,5.701,6.581
USY,ÜNLÜ PORTFÖY MUTLAK GETİRİ HEDEFLİ SERBEST FON,1.923,1.923,1.923,3.922,3.922,6.0,6.0,6.0,6.0,6.0,6.0
UP2,ÜNLÜ PORTFÖY ONBİRİNCİ SERBEST (TL) FON,NaN,NaN,NaN,NaN,NaN,NaN,NaN,NaN,NaN,NaN,NaN
UPP,ÜNLÜ PORTFÖY PARA PİYASASI (TL) FONU,0.362,0.788,1.156,1.465,1.838,2.214,2.593,2.974,3.423,3.745,4.135
SUC,ÜNLÜ PORTFÖY ÜÇÜNCÜ DEĞIŞKEN FON,2.308,7.12,7.841,9.821,11.523,11.223,14.112,14.798,17.57,17.127,17.099
YKT,YAPI KREDİ PORTFÖY ALTIN FONU,2.778,2.778,3.497,9.63,8.824,11.278,8.824,5.714,9.63,11.278,11.278
YPL,YAPI KREDİ PORTFÖY BALAT SERBEST (DÖVİZ) FON,0.642,1.045,1.521,1.724,2.043,2.811,2.928,3.099,3.7,4.624,5.198
YCP,YAPI KREDİ PORTFÖY BANKACILIK SEKTÖRÜ HİSSE SENEDİ SERBEST FON (HİSSE SENEDİ YOĞUN FON),0.371,4.739,11.362,14.0,14.12,7.069,20.736,25.857,37.611,36.656,24.411
YLE,YAPI KREDİ PORTFÖY BIST SÜRDÜRÜLEBİLİRLİK ENDEKSİ HİSSE SENEDİ FONU (HİSSE SENEDİ YOĞUN FON),1.948,11.01,11.46,15.623,24.041,20.902,31.146,32.569,47.023,41.715,36.522
YHZ,YAPI KREDİ PORTFÖY BIST TEKNOLOJİ AĞIRLIK SINIRLAMALI ENDEKSİ HİSSE SENEDİ FONU ( HİSSE SENEDİ YOĞUN FON),1.119,13.119,21.369,25.049,34.539,32.657,50.795,58.878,67.432,64.527,59.68
YHB,YAPI KREDİ PORTFÖY BIST 100 DIŞI ŞİRKETLER HİSSE SENEDİ FONU (HİSSE SENEDİ YOĞUN FON),NaN,NaN,NaN,NaN,NaN,NaN,NaN,NaN,NaN,NaN,NaN
YEF,YAPI KREDİ PORTFÖY BIST 30 ENDEKSİ HİSSE SENEDİ FONU (HİSSE SENEDİ YOĞUN FON),1.154,7.347,8.23,13.362,22.897,20.642,31.5,32.828,49.432,46.111,41.398
YAN,YAPI KREDİ PORTFÖY BİRİNCİ FON SEPETİ FONU,1.387,4.612,5.668,9.539,11.366,12.044,14.981,13.985,17.056,16.671,15.327
YHS,YAPI KREDİ PORTFÖY BİRİNCİ HİSSE SENEDİ FONU (HİSSE SENEDİ YOĞUN FON),3.334,12.504,12.662,16.319,23.508,20.402,28.789,30.625,40.433,36.635,34.121
YOT,YAPI KREDİ PORTFÖY BORÇLANMA ARAÇLARI FONU,0.596,3.015,4.818,5.457,5.958,5.296,6.693,6.578,6.348,5.982,6.488
YJK,YAPI KREDİ PORTFÖY DÖRDÜNCÜ FON SEPETİ FONU,2.159,3.193,2.159,7.987,6.683,9.867,14.028,10.786,12.193,10.601,6.0
YLO,YAPI KREDİ PORTFÖY ELEKTRİKLİ ARAÇLAR DEĞİŞKEN FON,2.449,4.671,3.038,9.036,10.866,12.758,18.396,14.612,17.951,14.717,10.378
YGM,YAPI KREDİ PORTFÖY EMTİA SERBEST FON,-0.285,0.574,-0.285,0.095,3.854,4.577,2.337,0.0,3.751,4.473,1.644
YBE,YAPI KREDİ PORTFÖY EUROBOND (DOLAR) BORÇLANMA ARAÇLARI FONU,1.581,3.213,3.006,4.684,6.198,9.595,9.362,9.362,9.362,10.538,10.538
YZC,YAPI KREDİ PORTFÖY FİNTECH VE BLOCKCHAİN TEKNOLOJİLERİ DEĞİŞKEN FON,2.639,3.046,-0.892,1.699,-4.069,0.129,4.57,0.129,2.91,2.639,-5.468
YPK,YAPI KREDİ PORTFÖY GALATA SERBEST FON,1.372,2.299,2.809,3.708,3.9,4.399,4.762,5.241,6.269,6.645,6.907
YZG,YAPI KREDİ PORTFÖY GÜMÜŞ FON SEPETİ FONU,7.201,8.971,6.969,11.361,18.634,21.101,23.982,13.597,20.0,22.072,20.0
YAC,YAPI KREDİ PORTFÖY İKİNCİ FON SEPETİ FONU,1.599,4.902,5.925,10.192,11.924,12.749,15.622,14.373,17.933,17.63,16.207
YDI,YAPI KREDİ PORTFÖY İKİNCİ HİSSE SENEDİ FONU (HİSSE SENEDİ YOĞUN FON),4.651,12.5,14.407,18.421,25.0,21.622,33.663,36.364,53.409,48.352,46.739
YPC,YAPI KREDİ PORTFÖY İKLİM DEĞİŞİKLİĞİ ÇÖZÜMLERİ DEĞİŞKEN FON,2.54,7.549,8.707,13.178,13.283,13.923,20.979,20.139,25.362,21.831,17.916
YKS,YAPI KREDİ PORTFÖY İSTANBUL SERBEST FON,1.087,6.897,6.897,9.412,13.415,12.048,17.722,19.231,25.676,22.368,22.368
YUN,YAPI KREDİ PORTFÖY İSTİNYE SERBEST (DÖVİZ) FON,1.509,1.509,1.509,1.509,2.948,2.948,2.948,2.948,2.948,NaN,NaN
YZK,YAPI KREDİ PORTFÖY KALAMIŞ SERBEST FON,2.232,5.221,5.309,9.142,11.559,13.264,13.417,11.956,13.52,14.656,14.552
YSL,YAPI KREDİ PORTFÖY KAR PAYI ÖDEYEN KİRA SERTİFİKALARI KATILIM SERBEST (DÖVİZ) FON,NaN,NaN,NaN,NaN,NaN,NaN,NaN,NaN,NaN,NaN,NaN
YUB,YAPI KREDİ PORTFÖY KARAKÖY HİSSE SENEDİ SERBEST FON (HİSSE SENEDİ YOĞUN FON),4.714,13.535,16.815,22.059,32.856,28.63,39.434,42.329,60.918,58.333,55.369
YAK,YAPI KREDİ PORTFÖY KARMA FON,1.574,6.314,7.495,9.78,12.491,11.922,14.571,14.911,16.729,15.856,15.339
YLY,YAPI KREDİ PORTFÖY KİLYOS KAR PAYI ÖDEYEN HİSSE SENEDİ SERBEST (TL) FON (HİSSE SENEDİ YOĞUN FON),NaN,NaN,NaN,NaN,NaN,NaN,NaN,NaN,NaN,NaN,NaN
YFV,YAPI KREDİ PORTFÖY KİRA SERTİFİKALARI KATILIM FONU,0.0,3.333,3.333,3.333,3.333,3.333,3.333,6.897,6.897,6.897,6.897
YAS,YAPI KREDİ PORTFÖY KOÇ HOLDİNG İŞTİRAK VE HİSSE SENEDİ FONU(HİSSE SENEDİ YOĞUN FON),1.044,11.199,16.049,20.326,31.245,29.175,35.627,35.835,48.163,46.41,43.644
YMD,YAPI KREDİ PORTFÖY MASLAK SERBEST (DÖVİZ- ABD DOLARI) FON,NaN,NaN,NaN,NaN,NaN,NaN,NaN,NaN,NaN,NaN,NaN
YNK,YAPI KREDİ PORTFÖY NİŞANTAŞI KAR PAYI ÖDEYEN SERBEST (DÖVİZ) FON,NaN,NaN,NaN,NaN,NaN,NaN,NaN,NaN,NaN,NaN,NaN
YBS,YAPI KREDİ PORTFÖY ÖZEL SEKTÖR BORÇLANMA ARAÇLARI FONU,0.0,0.0,0.0,2.778,2.778,2.778,2.778,2.778,2.778,2.778,2.778
YVG,YAPI KREDİ PORTFÖY SARIYER SERBEST (DÖVİZ-AVRO) FON,1.973,3.178,4.555,10.93,8.724,13.797,14.439,14.058,14.261,15.797,13.882
YTV,YAPI KREDİ PORTFÖY TARIM DEĞİŞKEN FON,NaN,NaN,NaN,NaN,NaN,NaN,NaN,NaN,NaN,NaN,NaN
YJH,YAPI KREDİ PORTFÖY TEMİZ ENERJİ DEĞİŞKEN FONU,0.92,2.993,5.85,16.379,17.785,23.766,28.009,22.556,21.96,18.182,9.962
YSU,YAPI KREDİ PORTFÖY ÜÇÜNCÜ DEĞİŞKEN FON,0.0,6.122,8.333,10.638,13.043,10.638,15.556,15.556,18.182,15.556,15.556
YPV,YAPI KREDİ PORTFÖY ÜÇÜNCÜ FON SEPETİ FONU,1.916,4.396,5.472,11.484,12.951,14.261,14.31,12.664,14.804,15.052,14.507
YTD,YAPI KREDİ PORTFÖY YABANCI FON SEPETİ FONU,0.467,2.381,3.365,8.586,6.965,13.158,16.216,14.973,16.216,14.362,8.586
YAY,YAPI KREDİ PORTFÖY YABANCI TEKNOLOJİ SEKTÖRÜ HİSSE SENEDİ FONU,3.039,3.635,1.6,14.207,5.782,8.875,16.146,8.341,9.908,7.881,2.608
YJY,YAPI KREDİ PORTFÖY YENİKÖY SERBEST (DÖVİZ) FON,0.272,0.556,1.038,1.176,1.589,2.408,2.551,2.704,3.096,4.262,4.912
ZDZ,ZİRAAT PORTFÖY AGRESİF DEĞİŞKEN FON,6.555,11.168,15.456,20.489,30.644,31.515,40.726,46.128,65.523,65.649,73.531
ZP9,ZİRAAT PORTFÖY AKİK KATILIM SERBEST (DÖVİZ-AVRO) FON,NaN,NaN,NaN,NaN,NaN,NaN,NaN,NaN,NaN,NaN,NaN
TCA,ZİRAAT PORTFÖY ALTIN KATILIM FONU,2.817,2.817,3.546,8.955,8.955,10.606,8.955,5.797,8.148,9.774,10.606
ZBJ,ZİRAAT PORTFÖY BAŞAK PARA PİYASASI (TL) FONU,0.422,0.847,1.276,1.621,2.057,2.496,2.85,3.296,3.746,4.108,4.565
ZJL,ZİRAAT PORTFÖY BIST 100 DIŞI ŞİRKETLER HİSSE SENEDİ FONU (HİSSE SENEDİ YOĞUN FON),7.266,18.612,25.144,28.555,38.969,45.442,54.724,65.712,84.602,84.838,90.351
ZLH,ZİRAAT PORTFÖY BIST 100-30 ŞİRKETLERİ HİSSE SENEDİ FONU ( HİSSE SENEDİ YOĞUN FON),6.366,18.256,19.307,25.096,35.976,37.562,46.134,52.189,70.671,66.155,69.778
ZJV,ZİRAAT PORTFÖY BIST 30 DIŞI YILDIZ PAZAR ŞİRKETLERİ HİSSE SENEDİ FONU (HİSSE SENEDİ YOĞUN FON),7.137,18.393,22.28,26.749,39.639,42.862,52.618,60.407,77.616,76.991,81.053
TZT,ZİRAAT PORTFÖY BORÇLANMA ARAÇLARI (TL) FONU,0.0,0.0,2.083,2.083,2.083,2.083,2.083,2.083,4.255,4.255,4.255
ZBD,ZİRAAT PORTFÖY DENGELİ DEĞİŞKEN FON,2.793,3.893,6.295,8.567,12.361,13.68,17.518,20.312,29.009,29.32,32.909
ZCN,ZİRAAT PORTFÖY EMTİA FON SEPETİ FONU,1.925,1.925,1.243,2.616,3.016,4.851,3.216,1.729,4.851,5.268,3.116
ZSG,ZİRAAT PORTFÖY ESG SÜRDÜRÜLEBİLİRLİK FON SEPETİ FONU,NaN,NaN,NaN,NaN,NaN,NaN,NaN,NaN,NaN,NaN,NaN
ZPC,ZİRAAT PORTFÖY FON SEPETİ FONU,4.146,6.341,8.531,11.272,14.577,16.591,18.463,20.79,28.915,28.55,30.626
TZD,ZİRAAT PORTFÖY HİSSE SENEDİ FONU (HİSSE SENEDİ YOĞUN FON),6.41,14.799,18.741,23.328,33.226,32.8,40.44,46.643,62.745,60.232,63.065
VFK,ZİRAAT PORTFÖY İKİNCİ KISA VADELİ KİRA SERTİFİKALARI KATILIM (TL) FONU,0.345,0.692,1.041,1.463,1.747,2.175,2.535,2.97,3.336,3.704,4.074
ZPF,ZİRAAT PORTFÖY KATILIM FONU (DÖVİZ),0.754,1.578,2.191,3.731,4.119,5.654,5.574,5.032,2.886,3.391,3.746
ZPE,ZİRAAT PORTFÖY KATILIM HİSSE SENEDİ FONU (HİSSE SENEDİ YOĞUN FON),4.631,15.351,15.954,19.864,30.448,31.006,37.601,40.062,53.139,52.088,53.32
ZP8,ZİRAAT PORTFÖY KEHRİBAR KATILIM SERBEST (TL) FON,NaN,NaN,NaN,NaN,NaN,NaN,NaN,NaN,NaN,NaN,NaN
ZPG,ZİRAAT PORTFÖY KİRA SERTİFİKALARI (SUKUK) KATILIM FONU,0.532,0.926,1.322,1.649,2.125,2.532,2.941,3.241,3.656,4.037,4.458
ZMY,ZİRAAT PORTFÖY METAVERSE VE YENİ TEKNOLOJİLER DEĞİŞKEN FON,3.946,9.421,14.076,17.717,17.436,21.2,24.054,26.068,31.579,28.821,22.917
ZP6,ZİRAAT PORTFÖY SEDEF KATILIM SERBEST (DÖVİZ - AMERİKAN DOLARI) FON,NaN,NaN,NaN,NaN,NaN,NaN,NaN,NaN,NaN,NaN,NaN
ZPA,ZİRAAT PORTFÖY SERBEST (DÖVİZ) FON,0.794,2.383,3.065,2.827,3.486,4.858,5.146,5.359,5.604,6.35,6.955
ZSF,ZİRAAT PORTFÖY S&P/OIC COMCEC (İSEDAK) 50 SHARİAH ŞİRKETLERİ YABANCI HİSSE SENEDİ FONU,-0.108,-1.263,-2.84,-2.14,-2.894,-3.87,-1.235,-2.641,-0.051,-0.449,-1.976
ZDD,ZİRAAT PORTFÖY TEMKİNLİ DEĞİŞKEN FON,2.027,1.031,2.873,3.964,5.257,6.339,7.692,9.336,12.508,13.398,15.868
