Fund,Full Fund Name,2022-12-05,2022-11-28,2022-11-21,2022-11-14,2022-11-07,2022-10-31,2022-10-24,2022-10-17,2022-10-10,2022-10-03,2022-09-26,2022-09-19
AOY,AK PORTFÖY ALTERNATİF ENERJİ YABANCI HİSSE SENEDİ FONU,0.188,0.188,0.187,0.183,0.163,0.165,0.151,0.150,0.158,0.161,0.164,0.182
AFO,AK PORTFÖY ALTIN FONU,0.240,0.234,0.234,0.232,0.219,0.222,0.217,0.221,0.228,0.222,0.218,0.217
PAL,AK PORTFÖY ALTINCI SERBEST(DÖVİZ) FON,19.197,19.184,19.163,19.072,19.149,19.136,19.108,19.086,19.079,19.031,18.873,18.740
AFA,AK PORTFÖY AMERİKA YABANCI HİSSE SENEDİ FONU,0.254,0.251,0.248,0.251,0.234,0.244,0.235,0.223,0.229,0.224,0.228,0.239
AFV,AK PORTFÖY AVRUPA YABANCI HİSSE SENEDİ FONU,0.148,0.146,0.143,0.139,0.130,0.131,0.123,0.121,0.122,0.120,0.119,0.125
ADP,AK PORTFÖY BIST BANKA ENDEKSİ HİSSE SENEDİ (TL) FONU (HİSSE SENEDİ YOĞUN FON),0.302,0.300,0.286,0.265,0.259,0.257,0.271,0.239,0.231,0.210,0.213,0.241
APJ,AK PORTFÖY BIST ŞİRKETLERİ FON SEPETİ FONU,2.328,2.317,2.305,2.297,2.284,2.275,2.265,2.253,2.252,2.230,2.224,2.224
AKU,AK PORTFÖY BIST 30 ENDEKSİ HİSSE SENEDİ (TL) FONU (HİSSE SENEDİ YOĞUN FON),0.288,0.285,0.263,0.259,0.246,0.229,0.233,0.216,0.214,0.191,0.197,0.203
ARL,AK PORTFÖY BİRİNCİ FON SEPETİ FONU,3.771,3.716,3.667,3.619,3.555,3.530,3.493,3.466,3.472,3.426,3.421,3.427
PUC,AK PORTFÖY BİRİNCİ KISA VADELİ SERBEST (TL)  FON,1.753,1.747,1.740,1.734,1.728,1.721,1.715,1.708,1.702,1.695,1.689,1.683
ALC,AK PORTFÖY BİST TEMETTÜ 25 ENDEKSİ HİSSE SENEDİ (TL) FONU (HİSSE SENEDİ YOĞUN FON),0.088,0.088,0.081,0.080,0.076,0.070,0.072,0.067,0.067,0.062,0.065,0.066
BUY,AK PORTFÖY BÜYÜYEN ŞİRKETLER HİSSE SENEDİ (TL) FONU (HİSSE SENEDİ YOĞUN FON),NaN,NaN,NaN,NaN,NaN,NaN,NaN,NaN,NaN,NaN,NaN,NaN
VAY,AK PORTFÖY DEĞER ODAKLI 100 ŞİRKETLERİ HİSSE SENEDİ (TL) FONU (HİSSE SENEDİ YOĞUN FON),NaN,NaN,NaN,NaN,NaN,NaN,NaN,NaN,NaN,NaN,NaN,NaN
ADE,AK PORTFÖY DEĞİŞKEN FON,0.252,0.251,0.250,0.249,0.248,0.247,0.247,0.246,0.245,0.244,0.243,0.242
DTZ,AK PORTFÖY DÖNÜŞTÜRÜCÜ TEKNOLOJİLER DEĞİŞKEN FON,1.307,1.268,1.231,1.249,1.112,1.121,1.081,1.033,1.083,1.041,1.057,1.100
VCY,AK PORTFÖY ELEKTRİKLİ VE OTONOM ARAÇ TEKNOLOJİLERİ DEĞİŞKEN FON,1.209,1.150,1.135,1.151,1.072,1.055,1.029,0.989,1.042,1.027,1.061,1.139
AKE,AK PORTFÖY EUROBOND (AMERİKAN DOLARI) BORÇLANMA ARAÇLARI FONU,0.157,0.155,0.152,0.153,0.150,0.149,0.145,0.145,0.145,0.145,0.144,0.143
ZFB,AK PORTFÖY FİNTEK VE BLOKZİNCİRİ TEKNOLOJİLERİ DEĞİŞKEN FON,1.081,1.045,1.023,1.079,1.087,1.151,1.091,1.039,1.076,1.051,1.048,1.110
GUM,AK PORTFÖY GÜMÜŞ FON SEPETI FONU,2.029,1.888,1.861,1.898,1.825,1.718,1.689,1.642,1.794,1.695,1.670,1.703
AK3,AK PORTFÖY HİSSE SENEDİ (TL) FONU (HİSSE SENEDİ YOĞUN FON),9.502,9.492,8.805,8.596,8.320,7.817,7.985,7.425,7.323,6.570,6.749,6.928
FUA,AK PORTFÖY İHRACATÇI ŞİRKETLER HİSSE SENEDİ (TL) FONU (HİSSE SENEDİ YOĞUN FON),2.288,2.199,1.915,1.859,1.828,1.736,1.658,1.583,1.590,1.463,1.512,1.528
AGC,AK PORTFÖY İKİNCİ DEĞİŞKEN FON,2.931,2.922,2.920,2.905,2.908,2.921,2.908,2.917,2.925,2.928,2.903,2.884
ARM,AK PORTFÖY İKİNCİ FON SEPETİ FONU,4.510,4.421,4.341,4.302,4.203,4.163,4.114,4.066,4.078,3.997,3.998,4.015
AIS,AK PORTFÖY KİRA SERTİFİKALARI KATILIM FONU,0.029,0.029,0.029,0.028,0.028,0.028,0.028,0.028,0.028,0.028,0.028,0.028
MTV,AK PORTFÖY METAVERSE VE DİJİTAL YAŞAM TEKNOLOJİLERİ DEĞİŞKEN FON,1.204,1.168,1.142,1.157,1.066,1.068,1.040,1.012,1.017,0.977,1.001,1.048
ONK,AK PORTFÖY ONİKİNCİ SERBEST (DÖVİZ-AVRO) FON,NaN,NaN,NaN,NaN,NaN,NaN,NaN,NaN,NaN,NaN,NaN,NaN
APT,AK PORTFÖY ORTA VADELI BORÇLANMA ARAÇLARI FONU,0.073,0.072,0.071,0.070,0.070,0.069,0.069,0.068,0.068,0.069,0.069,0.069
AYR,AK PORTFÖY ÖZEL SEKTÖR BORÇLANMA ARAÇLARI (TL) FONU,0.034,0.034,0.034,0.034,0.034,0.034,0.034,0.033,0.033,0.033,0.033,0.033
AES,AK PORTFÖY PETROL YABANCI BYF FON SEPETİ FONU,0.049,0.047,0.048,0.052,0.054,0.051,0.049,0.049,0.052,0.046,0.046,0.048
AFS,AK PORTFÖY SAĞLIK SEKTÖRÜ YABANCI HİSSE SENEDİ FONU,0.127,0.121,0.119,0.119,0.115,0.116,0.107,0.105,0.106,0.104,0.105,0.111
TAR,AK PORTFÖY TARIM VE GIDA TEKNOLOJİLERİ DEĞİŞKEN FON,1.183,1.172,1.095,1.099,1.070,1.061,1.025,NaN,NaN,NaN,NaN,NaN
ICZ,AK PORTFÖY TEKNOLOJİ ŞİRKETLERİ HİSSE SENEDİ (TL) FONU (HİSSE SENEDİ YOĞUN FON),2.086,2.025,1.807,1.691,1.634,1.514,1.484,1.402,1.311,1.220,1.237,1.245
TGR,AK PORTFÖY TURİZM VE SEYAHAT SEKTÖRÜ DEĞİŞKEN FON,2.193,2.105,2.034,2.097,1.948,1.928,1.879,1.766,1.727,1.637,1.676,1.811
AK2,AK PORTFÖY UZUN VADELİ BORÇLANMA ARAÇLARI FONU,0.352,0.345,0.337,0.329,0.330,0.332,0.339,0.320,0.325,0.327,0.332,0.330
ODV,AK PORTFÖY ÜÇÜNCÜ FON SEPETİ FONU,5.212,5.077,4.945,4.934,4.779,4.709,4.651,4.556,4.576,4.434,4.452,4.501
BGP,AK PORTFÖY ÜÇÜNCÜ PARA PİYASASI (TL) FONU,1.500,1.494,1.488,1.483,1.477,1.472,1.467,1.461,1.455,1.450,1.445,1.439
AFT,AK PORTFÖY YENİ TEKNOLOJİLER YABANCI HİSSE SENEDİ FONU,0.158,0.151,0.152,0.150,0.137,0.142,0.144,0.137,0.144,0.142,0.145,0.152
ONN,AKTİF PORTFÖY AKTİF ONİKS SERBEST (TL) FON,1.535,1.529,1.524,1.518,1.513,1.510,1.504,1.498,1.493,1.488,1.483,1.478
MJL,AKTİF PORTFÖY AKTİF SERBEST (DÖVİZ-AVRO) FON,20.080,19.567,19.810,19.240,18.438,18.907,18.609,18.320,18.655,18.622,18.438,18.701
MKG,AKTİF PORTFÖY ALTIN KATILIM FONU,2.788,2.721,2.726,2.704,2.551,2.577,2.523,2.570,2.645,2.576,2.532,2.521
MMH,AKTİF PORTFÖY BIST 30 ENDEKSİ HİSSE SENEDİ (TL) FONU (HİSSE SENEDİ YOĞUN FON),4.366,4.324,4.024,3.957,3.759,3.475,3.549,3.271,3.239,2.884,2.958,3.035
MJB,AKTİF PORTFÖY BİRİNCİ FON SEPETİ FONU,1.956,1.939,1.908,1.911,1.817,1.841,1.769,1.710,1.784,1.708,1.719,1.808
ONE,AKTİF PORTFÖY BİRİNCİ HİSSE SENEDİ SERBEST (TL) FON (HİSSE SENEDİ YOĞUN FON),NaN,NaN,NaN,NaN,NaN,NaN,NaN,NaN,NaN,NaN,NaN,NaN
ESG,AKTİF PORTFÖY ESG SÜRDÜRÜLEBİLİRLİK SERBEST FON,1.640,1.629,1.621,1.619,1.616,1.603,1.603,1.585,1.576,1.552,1.550,1.553
MJG,AKTİF PORTFÖY GÜMÜŞ FON SEPETİ FONU,1.668,1.567,1.544,1.561,1.506,1.426,1.391,1.373,1.487,1.413,1.385,1.405
ASJ,AKTİF PORTFÖY HİSSE SENEDİ (TL) FONU (HİSSE SENEDİ YOĞUN FON),NaN,NaN,NaN,NaN,NaN,NaN,NaN,NaN,NaN,NaN,NaN,NaN
MPN,AKTİF PORTFÖY İKİNCİ AKTİF SERBEST (DÖVİZ) FON,17.795,17.651,17.413,17.469,17.275,17.106,16.719,16.613,16.597,16.587,16.350,16.309
EYT,AKTİF PORTFÖY İKİNCİ FON SEPETİ FONU,NaN,NaN,NaN,NaN,NaN,NaN,NaN,NaN,NaN,NaN,NaN,NaN
BUL,AKTİF PORTFÖY İNŞAAT SEKTÖRÜ HİSSE SENEDİ SERBEST (TL) FON (HİSSE SENEDİ YOĞUN FON),NaN,NaN,NaN,NaN,NaN,NaN,NaN,NaN,NaN,NaN,NaN,NaN
MPS,AKTİF PORTFÖY KATILIM HİSSE SENEDİ (TL) FONU (HİSSE SENEDİ YOĞUN FON),7.420,7.178,6.490,6.378,6.228,5.764,5.779,5.411,5.396,4.882,4.996,5.010
MPF,AKTİF PORTFÖY KISA VADELİ KİRA SERTİFİKASI KATILIM (TL) FONU,2.238,2.229,2.221,2.213,2.205,2.197,2.190,2.182,2.174,2.166,2.158,2.150
MPK,AKTİF PORTFÖY KİRA SERTİFİKASI KATILIM (TL) FONU,2.503,2.492,2.482,2.474,2.461,2.443,2.428,2.421,2.412,2.397,2.389,2.373
IDL,AKTİF PORTFÖY PARA PİYASASI (TL) FONU,1.419,1.413,1.408,1.402,1.397,1.392,1.386,1.381,1.375,1.370,1.365,1.360
GPT,AKTİF PORTFÖY ROBOTİK TEKNOLOJİLERİ DEĞİŞKEN FON,NaN,NaN,NaN,NaN,NaN,NaN,NaN,NaN,NaN,NaN,NaN,NaN
MTS,AKTİF PORTFÖY TARIM VE SÜRDÜRÜLEBİLİRLİK FON SEPETİ FONU,NaN,NaN,NaN,NaN,NaN,NaN,NaN,NaN,NaN,NaN,NaN,NaN
CPU,AKTİF PORTFÖY TEKNOLOJİ KATILIM FONU,NaN,NaN,NaN,NaN,NaN,NaN,NaN,NaN,NaN,NaN,NaN,NaN
RBA,ALBARAKA PORTFÖY BEREKET VAKFI NA DESTEK ALTIN KATILIM FONU,3.729,3.650,3.660,3.631,3.447,3.478,3.410,3.472,3.564,3.482,3.432,3.423
RBK,ALBARAKA PORTFÖY KATILIM FONU,2.691,2.671,2.647,2.611,2.596,2.584,2.551,2.549,2.555,2.623,2.620,2.614
RBH,ALBARAKA PORTFÖY KATILIM HİSSE SENEDİ FONU (HİSSE SENEDİ YOĞUN FON),9.025,8.870,8.048,7.783,7.461,6.957,6.850,6.339,6.188,5.619,5.695,5.680
PVK,ALBARAKA PORTFÖY KISA VADELİ KATILIM SERBEST (TL) FON,1.469,1.463,1.459,1.454,1.450,1.445,1.440,1.435,1.430,1.425,1.420,1.417
RBV,ALBARAKA PORTFÖY KISA VADELİ KİRA SERTİFİKALARI KATILIM (TL) FONU,1.862,1.856,1.849,1.842,1.835,1.829,1.822,1.815,1.808,1.801,1.795,1.788
RBT,ALBARAKA PORTFÖY KİRA SERTİFİKALARI  KATILIM FONU,1.791,1.785,1.774,1.768,1.763,1.757,1.753,1.747,1.740,1.734,1.728,1.722
LLA,ALLBATROSS PORTFÖY AYDIN HİSSE SENEDİ SERBEST (TL) FON (HİSSE SENEDİ YOĞUN FON),NaN,NaN,NaN,NaN,NaN,NaN,NaN,NaN,NaN,NaN,NaN,NaN
HVU,ALLBATROSS PORTFÖY BİRİNCİ DEĞİŞKEN FON,1.337,1.309,1.216,1.204,1.161,1.113,1.110,1.084,1.072,1.019,1.032,1.023
BVM,ALLBATROSS PORTFÖY BİRİNCİ HİSSE SENEDİ SERBEST (TL) FON (HİSSE SENEDİ YOĞUN FON),1.865,1.814,1.664,1.631,1.569,1.478,1.500,1.403,1.392,1.264,1.303,1.298
HVZ,ALLBATROSS PORTFÖY BİRİNCİ HİSSE SENEDİ (TL) FONU (HİSSE SENEDİ YOĞUN FON),1.807,1.694,1.513,1.492,1.419,1.322,1.320,1.243,1.211,1.105,1.124,1.095
HVT,ALLBATROSS PORTFÖY BİRİNCİ PARA PİYASASI (TL) FONU,1.038,1.034,1.030,1.026,1.023,1.020,1.019,1.017,1.015,1.008,1.006,1.005
AS1,ALLBATROSS PORTFÖY BİRİNCİ SERBEST (DÖVİZ) FON,NaN,NaN,NaN,NaN,NaN,NaN,NaN,NaN,NaN,NaN,NaN,NaN
DEF,ALLBATROSS PORTFÖY DEFNE SERBEST FON,NaN,NaN,NaN,NaN,NaN,NaN,NaN,NaN,NaN,NaN,NaN,NaN
GIH,ALLBATROSS PORTFÖY GIDA VE İÇECEK SEKTÖRÜ HİSSE SENEDİ SERBEST (TL) FON (HİSSE SENEDİ YOĞUN FON),NaN,NaN,NaN,NaN,NaN,NaN,NaN,NaN,NaN,NaN,NaN,NaN
AEV,ALLBATROSS PORTFÖY İHRACATÇI ŞİRKETLER HİSSE SENEDİ SERBEST (TL) FON (HİSSE SENEDİ YOĞUN FON),NaN,NaN,NaN,NaN,NaN,NaN,NaN,NaN,NaN,NaN,NaN,NaN
IHZ,ALLBATROSS PORTFÖY İKİNCİ HİSSE SENEDİ SERBEST FON (HİSSE SENEDİ YOĞUN FON),NaN,NaN,NaN,NaN,NaN,NaN,NaN,NaN,NaN,NaN,NaN,NaN
IHA,ALLBATROSS PORTFÖY İKİNCİ HİSSE SENEDİ (TL) FONU (HİSSE SENEDİ YOĞUN FON),NaN,NaN,NaN,NaN,NaN,NaN,NaN,NaN,NaN,NaN,NaN,NaN
AOJ,ALLBATROSS PORTFÖY İNŞAAT SEKTÖRÜ HİSSE SENEDİ SERBEST (TL) FON (HİSSE SENEDİ YOĞUN FON),NaN,NaN,NaN,NaN,NaN,NaN,NaN,NaN,NaN,NaN,NaN,NaN
KHT,ALLBATROSS PORTFÖY KARTAL HİSSE SENEDİ SERBEST (TL) FON (HİSSE SENEDİ YOĞUN FON),NaN,NaN,NaN,NaN,NaN,NaN,NaN,NaN,NaN,NaN,NaN,NaN
KST,ALLBATROSS PORTFÖY KATILIM HİSSE SENEDİ (TL) FONU (HİSSE SENEDİ YOĞUN FON),NaN,NaN,NaN,NaN,NaN,NaN,NaN,NaN,NaN,NaN,NaN,NaN
PRU,ALLBATROSS PORTFÖY PARA PİYASASI SERBEST (TL) FON,NaN,NaN,NaN,NaN,NaN,NaN,NaN,NaN,NaN,NaN,NaN,NaN
PKF,ATA PORTFÖY ALTIN KATILIM FONU,NaN,NaN,NaN,NaN,NaN,NaN,NaN,NaN,NaN,NaN,NaN,NaN
TLZ,ATA PORTFÖY ANALİZ HİSSE SENEDİ (TL) FONU (HİSSE SENEDİ YOĞUN FON),6.124,5.773,5.075,4.928,4.714,4.466,4.482,4.176,3.982,3.601,3.688,3.795
AED,ATA PORTFÖY BİRİNCİ DEĞİŞKEN FON,27.655,26.908,25.568,25.438,24.972,23.902,24.094,22.796,22.653,21.344,21.903,22.229
AAK,ATA PORTFÖY ÇOKLU VARLIK DEĞİŞKEN FON,9.517,9.323,8.996,8.956,8.823,8.581,8.608,8.299,8.268,7.933,8.062,8.111
AUT,ATA PORTFÖY DENGELİ DEĞİŞKEN FON,3.186,3.180,3.170,3.160,3.151,3.144,3.145,3.129,3.123,3.116,3.110,3.099
ANZ,ATA PORTFÖY DÖRDÜNCÜ SERBEST (DÖVİZ) FON,6.661,6.542,6.488,6.443,6.412,6.363,6.324,6.321,6.334,6.319,6.267,6.282
AAS,ATA PORTFÖY FON SEPETİ SERBEST FONU,4.090,4.036,3.987,3.993,3.863,3.832,3.720,3.602,3.708,3.494,3.478,3.670
AAV,ATA PORTFÖY İKİNCİ HİSSE SENEDİ (TL) FONU (HİSSE SENEDİ YOĞUN FON),17.404,16.764,15.297,15.213,14.813,13.684,13.928,12.725,12.406,11.162,11.697,11.899
AYA,ATA PORTFÖY KAR PAYI ÖDEYEN HİSSE SENEDİ (TL) FONU (HİSSE SENEDİ YOĞUN FON),6.840,6.579,5.975,5.874,5.691,5.310,5.361,5.017,4.882,4.420,4.554,4.572
AAL,ATA PORTFÖY PARA PİYASASI (TL) FONU,0.860,0.857,0.854,0.852,0.849,0.846,0.844,0.841,0.839,0.836,0.833,0.830
RTG,ATA PORTFÖY ROBOTİK TEKNOLOJİLERİ DEĞİŞKEN FON,1.106,1.089,1.058,1.031,0.958,NaN,NaN,NaN,NaN,NaN,NaN,NaN
YLC,ATA PORTFÖY TARIM VE GIDA DEĞİŞKEN FON,1.518,1.514,1.445,1.447,1.422,1.399,1.379,1.320,1.333,1.275,1.286,1.294
DGH,ATA PORTFÖY ÜÇÜNCÜ SERBEST (TL) FONU,2.479,2.469,2.460,2.449,2.439,2.428,2.419,2.409,2.399,2.390,2.383,2.374
TAL,ATLAS PORTFÖY ALTIN KATILIM FONU,NaN,NaN,NaN,NaN,NaN,NaN,NaN,NaN,NaN,NaN,NaN,NaN
AHI,ATLAS PORTFÖY BİRİNCİ HİSSE SENEDİ FONU(HİSSE SENEDİ YOĞUN),11.306,11.125,10.090,9.861,9.336,8.537,8.296,7.465,7.216,6.586,6.614,6.621
AHU,ATLAS PORTFÖY BİRİNCİ ÖZEL SEKTÖR BORÇLANMA ARAÇLARI FONU,2.591,2.578,2.565,2.552,2.539,2.526,2.513,2.501,2.489,2.476,2.465,2.452
PFS,ATLAS PORTFÖY FON SEPETİ FONU,NaN,NaN,NaN,NaN,NaN,NaN,NaN,NaN,NaN,NaN,NaN,NaN
DFI,ATLAS PORTFÖY İKİNCİ SERBEST (TL) FON,0.146,0.148,0.148,0.163,0.206,0.203,0.203,0.204,0.205,0.194,0.255,0.360
PPT,ATLAS PORTFÖY PARA PİYASASI (TL) FONU,NaN,NaN,NaN,NaN,NaN,NaN,NaN,NaN,NaN,NaN,NaN,NaN
AHN,ATLAS PORTFÖY SERBEST(DÖVİZ)FON,22.137,21.680,21.641,21.523,21.462,21.282,21.170,21.133,21.136,21.021,20.763,20.659
BDC,AURA PORTFÖY BODRUM SERBEST FON,1.775,1.731,1.638,1.594,1.593,1.561,1.547,1.506,1.515,1.474,1.446,1.417
IYB,AURA PORTFÖY DEĞİŞKEN FONU,1.322,1.310,1.263,1.248,1.233,1.212,1.206,1.175,1.136,1.067,1.061,1.051
TLH,AURA PORTFÖY HİSSE SENEDİ FONU (HİSSE SENEDİ YOĞUN FON),8.838,8.386,7.455,7.230,7.016,6.567,6.569,6.115,5.777,5.253,5.343,5.292
TPV,AURA PORTFÖY İKİNCİ DEĞİŞKEN FON,4.087,3.991,3.861,3.795,3.802,3.756,3.719,3.613,3.559,3.503,3.497,3.459
TLE,AURA PORTFÖY YABANCI BORÇLANMA ARAÇLARI FONU,7.144,7.070,6.924,6.718,6.525,6.494,6.294,6.341,6.417,6.231,6.445,6.535
GLS,AZİMUT PORTFÖY  KİRA SERTİFİKALARI (SUKUK) KATILIM FONU,0.044,0.044,0.043,0.043,0.043,0.043,0.043,0.042,0.042,0.042,0.042,0.042
PPF,AZİMUT PORTFÖY AKÇE SERBEST FON,1.417,1.413,1.409,1.404,1.400,1.396,1.392,1.388,1.384,1.379,1.375,1.370
GMA,AZİMUT PORTFÖY ÇOKLU VARLIK DEĞİŞKEN FON,0.529,0.515,0.486,0.470,0.456,0.437,0.437,0.416,0.405,0.381,0.386,0.382
GBZ,AZİMUT PORTFÖY EMTİA FON SEPETİ FONU,0.980,0.965,0.961,0.992,0.988,0.965,0.941,0.959,0.972,0.932,0.930,0.947
KSK,AZİMUT PORTFÖY İKİNCİ KİRA SERTİFİKALARI KATILIM FONU,NaN,NaN,NaN,NaN,NaN,NaN,NaN,NaN,NaN,NaN,NaN,NaN
KTI,AZİMUT PORTFÖY KATILIM HİSSE SENEDİ FONU (HİSSE SENEDİ YOĞUN FON),NaN,NaN,NaN,NaN,NaN,NaN,NaN,NaN,NaN,NaN,NaN,NaN
KVS,AZİMUT PORTFÖY KISA VADELİ SERBEST (TL) FON,NaN,NaN,NaN,NaN,NaN,NaN,NaN,NaN,NaN,NaN,NaN,NaN
KMF,AZİMUT PORTFÖY KIYMETLİ MADENLER KATILIM FONU,NaN,NaN,NaN,NaN,NaN,NaN,NaN,NaN,NaN,NaN,NaN,NaN
PPZ,AZİMUT PORTFÖY PARA PİYASASI (TL) FONU,1.490,1.484,1.477,1.471,1.466,1.460,1.454,1.448,1.442,1.436,1.431,1.425
ZMT,AZİMUT PORTFÖY 22.0 SERBEST (DÖVİZ-AVRO) FON,NaN,NaN,NaN,NaN,NaN,NaN,NaN,NaN,NaN,NaN,NaN,NaN
GTF,AZİMUT PYŞ BİRİNCİ BORÇLANMA ARAÇLARI FONU,4.369,4.350,4.329,4.311,4.293,4.273,4.253,4.235,4.216,4.198,4.180,4.163
GL1,AZİMUT PYŞ BİRİNCİ HİSSE SENEDİ FONU (HİSSE SENEDİ YOĞUN FON),370.139,352.297,320.051,307.915,297.170,272.058,275.601,254.772,249.187,224.793,232.446,228.462
GSP,AZİMUT PYŞ KAR PAYI ÖDEYEN HİSSE SENEDİ FONU (HİSSE SENEDİ YOĞUN FON),0.124,0.119,0.108,0.105,0.102,0.093,0.094,0.088,0.085,0.078,0.081,0.080
GBL,AZİMUT PYŞ KISA VADELİ BORÇLANMA ARAÇLARI FONU,0.204,0.203,0.202,0.201,0.201,0.200,0.199,0.198,0.197,0.196,0.195,0.195
GBC,AZİMUT PYŞ YABANCI BYF FON SEPETİ FONU,0.081,0.079,0.079,0.079,0.075,0.075,0.072,0.073,0.076,0.074,0.073,0.074
PAF,A1 PORTFÖY ALTIN FONU,NaN,NaN,NaN,NaN,NaN,NaN,NaN,NaN,NaN,NaN,NaN,NaN
BST,A1 PORTFÖY BANKACILIK SEKTÖRÜ DIŞI ŞİRKETLER HİSSE SENEDİ SERBEST (TL) FON (HİSSE SENEDİ YOĞUN FON),NaN,NaN,NaN,NaN,NaN,NaN,NaN,NaN,NaN,NaN,NaN,NaN
BBF,A1 PORTFÖY BİRİNCİ BORÇLANMA ARAÇLARI (TL) FONU,NaN,NaN,NaN,NaN,NaN,NaN,NaN,NaN,NaN,NaN,NaN,NaN
BHF,A1 PORTFÖY BİRİNCİ DEĞİŞKEN FON,NaN,NaN,NaN,NaN,NaN,NaN,NaN,NaN,NaN,NaN,NaN,NaN
BIH,A1 PORTFÖY BİRİNCİ HİSSE SENEDİ (TL) FONU (HİSSE SENEDİ YOĞUN FON),NaN,NaN,NaN,NaN,NaN,NaN,NaN,NaN,NaN,NaN,NaN,NaN
AC6,A1 PORTFÖY DÖRDÜNCÜ SERBEST (DÖVİZ) FON,NaN,NaN,NaN,NaN,NaN,NaN,NaN,NaN,NaN,NaN,NaN,NaN
AC5,A1 PORTFÖY İSTATİSTİKSEL ARBİTRAJ SERBEST FON,1.003,NaN,NaN,NaN,NaN,NaN,NaN,NaN,NaN,NaN,NaN,NaN
AC1,A1 PORTFÖY KISA VADELİ KATILIM SERBEST FONU,NaN,NaN,NaN,NaN,NaN,NaN,NaN,NaN,NaN,NaN,NaN,NaN
AC4,A1 PORTFÖY PARA PİYASASI (TL) FON,NaN,NaN,NaN,NaN,NaN,NaN,NaN,NaN,NaN,NaN,NaN,NaN
BHI,BV PORTFÖY İSTATİSTİKSEL ARBİTRAJ HİSSE SENEDİ SERBEST (TL) FON (HİSSE SENEDİ YOĞUN FON),NaN,NaN,NaN,NaN,NaN,NaN,NaN,NaN,NaN,NaN,NaN,NaN
BTE,BV PORTFÖY OYUN VE TEKNOLOJİ DEĞİŞKEN FON,NaN,NaN,NaN,NaN,NaN,NaN,NaN,NaN,NaN,NaN,NaN,NaN
BVV,BV PORTFÖY TEKNOLOJİ DEĞİŞKEN FON,NaN,NaN,NaN,NaN,NaN,NaN,NaN,NaN,NaN,NaN,NaN,NaN
DBA,DENİZ PORTFÖY ALTIN FONU,0.129,0.125,0.126,0.125,0.118,0.119,0.117,0.119,0.122,0.120,0.118,0.118
DZM,DENİZ PORTFÖY BEŞİNCİ SERBEST (DÖVİZ) FON,21.208,20.890,20.756,20.489,20.428,20.264,20.017,19.971,19.966,19.845,19.696,19.595
DTL,DENİZ PORTFÖY BIST 100 DIŞI ŞİRKETLER HİSSE SENEDİ (TL) FONU (HİSSE SENEDİ YOĞUN FON),NaN,NaN,NaN,NaN,NaN,NaN,NaN,NaN,NaN,NaN,NaN,NaN
DZE,DENİZ PORTFÖY BIST 100 ENDEKSİ HİSSE SENEDİ FONU(HİSSE SENEDİ YOĞUN FON),0.330,0.324,0.301,0.296,0.280,0.258,0.262,0.242,0.238,0.212,0.218,0.225
DBP,DENİZ PORTFÖY BİRİNCİ DEĞİŞKEN FON,0.113,0.109,0.101,0.099,0.095,0.091,0.091,0.088,0.086,0.081,0.082,0.083
DSP,DENİZ PORTFÖY BİRİNCİ FON SEPETİ FONU,3.558,3.505,3.375,3.329,3.226,3.154,3.137,3.068,3.069,2.972,2.993,3.013
DPT,DENİZ PORTFÖY BİST TEMETTÜ 25 ENDEKSİ HİSSE SENEDİ FONU ( HİSSE SENEDİ YOĞUN FON ),5.100,5.095,4.637,4.590,4.355,4.012,4.106,3.834,3.833,3.514,3.687,3.761
DBB,DENİZ PORTFÖY BORÇLANMA ARAÇLARI FONU,0.040,0.040,0.038,0.038,0.039,0.039,0.038,0.038,0.038,0.038,0.037,0.037
DYN,DENİZ PORTFÖY ELEKTRİKLİ VE OTONOM ARAÇ TEKNOLOJİLERİ DEĞİŞKEN FON,1.145,1.126,1.097,1.101,1.042,1.024,0.987,0.975,1.008,1.008,1.016,1.049
DFD,DENİZ PORTFÖY EMTİA SERBEST FON,1.027,1.032,1.013,1.036,1.032,1.009,0.984,1.009,1.033,1.005,1.000,1.020
DHM,DENİZ PORTFÖY ESG-SÜRDÜRÜLEBİLİRLİK FON SEPETİ FONU,1.421,1.409,1.378,1.375,1.313,1.285,1.253,1.235,1.256,1.216,1.237,1.396
DBH,DENİZ PORTFÖY EUROBOND (DÖVİZ) BORÇLANMA ARAÇLARI FONU,0.100,0.098,0.095,0.094,0.092,0.091,0.088,0.088,0.088,0.088,0.088,0.088
DMG,DENİZ PORTFÖY GÜMÜŞ FON SEPETİ FONU,1.057,1.003,0.991,1.008,0.952,0.923,0.886,0.888,0.964,0.905,0.900,0.891
DAH,DENİZ PORTFÖY HİSSE SENEDİ FONU (HİSSE SENEDİ YOĞUN FON),0.994,0.961,0.874,0.854,0.805,0.752,0.767,0.718,0.706,0.639,0.665,0.689
DXP,DENİZ PORTFÖY İHRACATÇI ŞİRKETLER HİSSE SENEDİ FONU (HİSSE SENEDİ YOĞUN FON),NaN,NaN,NaN,NaN,NaN,NaN,NaN,NaN,NaN,NaN,NaN,NaN
DKH,DENİZ PORTFÖY KATILIM HİSSE SENEDİ (TL) FONU (HİSSE SENEDİ YOĞUN FON),NaN,NaN,NaN,NaN,NaN,NaN,NaN,NaN,NaN,NaN,NaN,NaN
DBK,DENİZ PORTFÖY KISA VADELİ BORÇLANMA ARAÇLARI (TL) FONU,0.031,0.031,0.030,0.030,0.030,0.030,0.030,0.030,0.030,0.030,0.030,0.029
DCB,DENİZ PORTFÖY KISA VADELİ SERBEST (TL) FON,1.078,1.074,1.069,1.065,1.061,1.057,1.053,1.049,1.045,1.042,1.038,1.034
DPK,DENİZ PORTFÖY KİRA SERTİFİKALARI KATILIM (TL) FONU,2.346,2.336,2.325,2.318,2.310,2.299,2.288,2.280,2.271,2.258,2.250,2.238
DVT,DENİZ PORTFÖY METAVERSE VE DİJİTAL YAŞAM TEKNOLOJİLERİ DEĞİŞKEN FON,1.207,1.176,1.131,1.101,1.008,1.014,1.007,0.979,0.990,0.957,0.974,1.002
DAS,DENİZ PORTFÖY ONİKİNCİ SERBEST (DÖVİZ) FON,NaN,NaN,NaN,NaN,NaN,NaN,NaN,NaN,NaN,NaN,NaN,NaN
DOV,DENİZ PORTFÖY ONÜÇÜNCÜ SERBEST (DÖVİZ-AVRO) FON,NaN,NaN,NaN,NaN,NaN,NaN,NaN,NaN,NaN,NaN,NaN,NaN
DBZ,DENİZ PORTFÖY ÖZEL SEKTÖR BORÇLANMA ARAÇLARI FONU,0.035,0.035,0.035,0.035,0.034,0.034,0.034,0.034,0.034,0.034,0.034,0.034
DLY,DENİZ PORTFÖY PARA PİYASASI (TL) FONU,1.451,1.446,1.440,1.435,1.430,1.425,1.420,1.415,1.410,1.405,1.400,1.394
DLD,DENİZ PORTFÖY SÜRDÜRÜLEBİLİRLİK HİSSE SENEDİ FONU (HİSSE SENEDİ YOĞUN FON),2.163,2.134,1.952,1.935,1.837,1.714,1.756,1.652,1.622,1.477,1.523,1.584
DFC,DENİZ PORTFÖY TARIM VE GIDA DEĞİŞKEN FON,1.320,1.287,1.217,1.217,1.181,1.175,1.134,1.111,1.077,1.029,1.043,1.058
DHJ,DENİZ PORTFÖY TEKNOLOJİ ŞİRKETLERİ HİSSE SENEDİ FONU (HİSSE SENEDİ YOĞUN FON),2.331,2.193,1.936,1.828,1.738,1.626,1.577,1.506,1.441,1.312,1.337,1.354
FIB,FİBA PORTFÖY ALTIN FONU,0.087,0.085,0.085,0.084,0.080,0.081,0.079,0.081,0.083,0.081,0.080,0.079
FZJ,FİBA PORTFÖY BİRİNCİ FON SEPETİ FONU,1.384,1.372,1.345,1.334,1.314,1.299,1.299,1.284,1.277,1.259,1.255,1.252
FSG,FİBA PORTFÖY BİRİNCİ HİSSE SENEDİ SERBEST FON (HİSSE SENEDİ YOĞUN FON),NaN,NaN,NaN,NaN,NaN,NaN,NaN,NaN,NaN,NaN,NaN,NaN
FBI,FİBA PORTFÖY BİRİNCİ SERBEST (DÖVİZ) FON,NaN,NaN,NaN,NaN,NaN,NaN,NaN,NaN,NaN,NaN,NaN,NaN
FJB,FİBA PORTFÖY BLOK ZİNCİRİ TEKNOLOJİLERİ SERBEST FON,1.179,1.157,1.159,1.127,1.087,1.142,1.112,1.094,1.137,1.111,1.146,1.192
FIT,FİBA PORTFÖY BORÇLANMA ARAÇLARI (TL) FONU,0.105,0.105,0.104,0.103,0.104,0.104,0.103,0.102,0.102,0.102,0.102,0.101
FID,FİBA PORTFÖY ÇOKLU VARLIK İKİNCİ DEĞİŞKEN FON,0.325,0.318,0.299,0.295,0.288,0.279,0.280,0.271,0.270,0.257,0.260,0.262
FPE,FİBA PORTFÖY EUROBOND BORÇLANMA ARAÇLARI (DÖVİZ)FONU,21.586,21.204,20.746,20.863,20.359,20.152,19.643,19.605,19.572,19.553,19.402,19.394
FJZ,FİBA PORTFÖY FIRTINA SERBEST (DÖVİZ) FON,17.818,17.534,17.361,17.332,17.030,16.845,16.587,16.573,16.549,16.472,16.265,16.378
FSH,FİBA PORTFÖY FON SEPETİ SERBEST FON,NaN,NaN,NaN,NaN,NaN,NaN,NaN,NaN,NaN,NaN,NaN,NaN
FPH,FİBA PORTFÖY HİSSE SENEDİ (TL) FONU (HİSSE SENEDİ YOĞUN FON),9.767,9.467,8.472,8.297,7.893,7.442,7.508,7.043,6.980,6.320,6.499,6.579
FSR,FİBA PORTFÖY İKİNCİ SERBEST (DÖVİZ-AVRO) FON,NaN,NaN,NaN,NaN,NaN,NaN,NaN,NaN,NaN,NaN,NaN,NaN
FBZ,FİBA PORTFÖY KAR PAYI ÖDEYEN SERBEST FON,1.392,1.387,1.382,1.377,1.372,1.367,1.363,1.358,1.354,1.348,1.344,1.339
FPK,FİBA PORTFÖY KISA VADELİ BORÇLANMA ARAÇLARI (TL)FONU,0.026,0.026,0.026,0.026,0.026,0.026,0.026,0.025,0.025,0.025,0.025,0.025
FMR,FİBA PORTFÖY MART 2025 SERBEST (DÖVİZ) FON,NaN,NaN,NaN,NaN,NaN,NaN,NaN,NaN,NaN,NaN,NaN,NaN
FSF,FİBA PORTFÖY PARA PİYASASI SERBEST (TL) FON,1.577,1.571,1.565,1.560,1.554,1.549,1.543,1.537,1.531,1.526,1.521,1.515
FIL,FİBA PORTFÖY PARA PİYASASI (TL) FONU,0.087,0.086,0.086,0.086,0.085,0.085,0.085,0.084,0.084,0.084,0.083,0.083
FZP,FİBA PORTFÖY SERBEST FON,1.537,1.523,1.512,1.505,1.499,1.493,1.488,1.480,1.474,1.469,1.466,1.455
GO1,FONERİA PORTFÖY BİRİNCİ FON SEPETİ FONU,1.058,1.051,1.042,1.038,1.031,1.026,1.021,1.018,1.016,1.013,1.011,1.008
GO9,FONERİA PORTFÖY BİRİNCİ HİSSE SENEDİ FONU (HİSSE SENEDİ YOĞUN FON),NaN,NaN,NaN,NaN,NaN,NaN,NaN,NaN,NaN,NaN,NaN,NaN
FCK,FONERİA PORTFÖY ÇOKLU VARLIK KATILIM FONU,NaN,NaN,NaN,NaN,NaN,NaN,NaN,NaN,NaN,NaN,NaN,NaN
GO4,FONERİA PORTFÖY DÖRDÜNCÜ FON SEPETİ FONU,1.142,1.121,1.092,1.086,1.035,1.026,1.022,1.012,1.015,1.010,1.003,1.001
GO2,FONERİA PORTFÖY İKİNCİ FON SEPETİ FONU,1.098,1.083,1.063,1.057,1.029,1.011,1.011,1.012,1.015,1.010,1.003,1.001
FBC,FONERİA PORTFÖY KATILIM FONU,NaN,NaN,NaN,NaN,NaN,NaN,NaN,NaN,NaN,NaN,NaN,NaN
GO6,FONERİA PORTFÖY PARA PİYASASI (TL) FONU,NaN,NaN,NaN,NaN,NaN,NaN,NaN,NaN,NaN,NaN,NaN,NaN
GO3,FONERİA PORTFÖY ÜÇÜNCÜ FON SEPETİ FONU,1.114,1.095,1.070,1.068,1.028,1.019,1.014,1.010,1.014,1.009,1.003,1.001
GUH,GARANTI PORTFÖY YABANCI TEKNOLOJİ BYF FON SEPETİ FONU,0.077,0.075,0.074,0.074,0.068,0.072,0.070,0.066,0.070,0.069,0.070,0.073
GKH,GARANTİ PORTFÖY  KATILIM SERBEST (TL) FON,1.070,1.065,1.061,1.057,1.054,1.049,1.045,1.042,1.035,1.032,1.027,1.024
TGA,GARANTİ PORTFÖY AGRESİF DEĞİŞKEN FON,0.118,0.114,0.107,0.105,0.102,0.097,0.098,0.092,0.090,0.085,0.087,0.088
GTA,GARANTİ PORTFÖY ALTIN FONU,0.295,0.288,0.289,0.286,0.270,0.273,0.267,0.273,0.281,0.273,0.269,0.268
GBN,GARANTİ PORTFÖY BEŞİNCİ (TL) SERBEST FON,1.583,1.576,1.570,1.564,1.558,1.552,1.547,1.541,1.535,1.529,1.524,1.518
GOH,GARANTİ PORTFÖY BIST 100 DIŞI ŞİRKETLER HİSSE SENEDİ (TL) FONU (HİSSE SENEDİ YOĞUN FON),4.872,4.608,4.150,3.919,3.675,3.412,3.385,3.088,2.914,2.674,2.678,2.574
GPB,GARANTİ PORTFÖY BİRİNCİ DEĞİŞKEN FON,3.219,3.197,3.167,3.155,3.140,3.123,3.115,3.086,3.082,3.069,3.065,3.059
GZP,GARANTİ PORTFÖY BİRİNCİ FON SEPETİ FONU,1.760,1.734,1.691,1.677,1.651,1.634,1.625,1.587,1.584,1.566,1.573,1.566
GBH,GARANTİ PORTFÖY BİRİNCİ HİSSE SENEDİ SERBEST FON (HİSSE SENEDİ YOĞUN FON),NaN,NaN,NaN,NaN,NaN,NaN,NaN,NaN,NaN,NaN,NaN,NaN
GPF,GARANTİ PORTFÖY BİRİNCİ KATILIM FONU,2.568,2.557,2.548,2.538,2.527,2.516,2.503,2.492,2.482,2.470,2.458,2.437
GPL,GARANTİ PORTFÖY BİRİNCİ SERBEST (DÖVİZ) FON,18.623,18.611,NaN,NaN,NaN,NaN,NaN,NaN,NaN,NaN,NaN,NaN
GAE,GARANTİ PORTFÖY BİST30 ENDEKSİ HİSSE SENEDİ (TL) FONU (HİSSE SENEDİ YOĞUN FON),0.140,0.139,0.130,0.128,0.122,0.112,0.115,0.106,0.105,0.093,0.096,0.098
GBV,GARANTİ PORTFÖY BLOCKCHAİN TEKNOLOJİLERİ DEĞİŞKEN FON,1.738,1.701,1.660,1.628,1.574,1.586,1.556,1.488,1.514,1.464,1.474,1.555
GA1,GARANTİ PORTFÖY BORÇLANMA ARAÇLARI FONU,587.763,585.149,581.648,580.627,578.337,575.621,572.377,570.078,568.106,565.163,562.133,560.136
GVA,GARANTİ PORTFÖY ELEKTRİKLİ VE OTONOM ARAÇLAR DEĞİŞKEN FON,1.217,1.184,1.158,1.172,1.091,1.080,1.054,1.009,1.031,1.002,1.019,1.066
GZE,GARANTİ PORTFÖY EMTİA SERBEST FON,2.317,2.319,2.296,2.343,2.343,2.246,2.222,2.280,2.351,2.245,2.233,2.300
GZV,GARANTİ PORTFÖY ESG SÜRDÜRÜLEBİLİRLİK FON SEPETİ FONU,2.341,2.305,2.256,2.239,2.115,2.143,2.050,2.019,2.049,2.043,2.047,2.116
GPA,GARANTİ PORTFÖY EUROBOND BORÇLANMA ARAÇLARI (DÖVİZ) FONU,6.673,6.618,6.544,6.549,6.470,6.427,6.309,6.294,6.287,6.276,6.203,6.181
GZZ,GARANTİ PORTFÖY FİNANS SEKTÖRÜ DEĞİŞKEN FON,1.728,1.723,1.685,1.672,1.582,1.611,1.563,1.494,1.489,1.448,1.470,1.555
GIE,GARANTİ PORTFÖY GARANTİ BBVA İKLİM ENDEKSİ HİSSE SENEDİ (TL) FONU (HİSSE SENEDİ YOĞUN FON),NaN,NaN,NaN,NaN,NaN,NaN,NaN,NaN,NaN,NaN,NaN,NaN
GTZ,GARANTİ PORTFÖY GÜMÜŞ FON SEPETİ FONU,1.892,1.767,1.738,1.777,1.705,1.603,1.577,1.527,1.679,1.590,1.570,1.602
GHS,GARANTİ PORTFÖY HİSSE SENEDİ (TL) FONU (HİSSE SENEDİ YOĞUN FON),9.915,9.587,8.792,8.734,8.372,7.791,8.021,7.296,7.164,6.469,6.724,6.792
GPI,GARANTİ PORTFÖY İKİNCİ DEĞİŞKEN FON,4.172,4.118,4.021,4.003,3.947,3.861,3.862,3.755,3.748,3.689,3.714,3.706
GZJ,GARANTİ PORTFÖY İKİNCİ FON SEPETİ FONU,2.040,1.998,1.932,1.897,1.844,1.817,1.801,1.745,1.738,1.699,1.714,1.704
GPC,GARANTİ PORTFÖY İKİNCİ SERBEST ( DÖVİZ ) FON,21.124,20.820,20.367,20.427,19.991,19.808,19.217,19.234,19.224,19.216,19.064,19.074
GKV,GARANTİ PORTFÖY KATILIM HİSSE SENEDİ (TL) FONU (HİSSE SENEDİ YOĞUN FON),2.194,2.059,1.867,1.799,1.742,1.570,1.569,1.437,1.388,1.266,1.277,1.264
MET,GARANTİ PORTFÖY METAVERSE VE YENİ TEKNOLOJİLER DEĞİŞKEN FON,1.042,1.023,0.989,0.989,0.913,0.929,0.920,0.869,0.892,0.868,0.884,0.931
GAH,GARANTİ PORTFÖY MUTLAK GETİRİ HEDEFLİ DEĞİŞKEN FON,2.842,2.807,2.742,2.734,2.695,2.637,2.640,2.572,2.571,2.539,2.555,2.553
GZG,GARANTİ PORTFÖY SAĞLIK SEKTÖRÜ DEĞİŞKEN FON,2.199,2.082,2.020,1.988,1.961,1.944,1.851,1.835,1.807,1.769,1.768,1.814
EUZ,GARANTİ PORTFÖY SERBEST (DÖVİZ-AVRO) FON,19.946,19.592,19.388,19.111,18.076,18.496,17.791,17.682,17.741,17.701,17.458,17.734
GZR,GARANTİ PORTFÖY SÜRDÜRÜLEBİLİRLİK HİSSE SENEDİ (TL) FONU (HİSSE SENEDİ YOĞUN FON),3.172,3.086,2.826,2.785,2.677,2.512,2.567,2.375,2.357,2.135,2.218,2.307
GZL,GARANTİ PORTFÖY TARIM VE GIDA SEKTÖRÜ DEĞİŞKEN FON,2.213,2.200,2.088,2.083,2.044,2.036,1.970,1.879,1.867,1.791,1.839,1.857
GTM,GARANTİ PORTFÖY TEMETTÜ ÖDEYEN ŞİRKETLER HİSSE SENEDİ (TL) FONU (HİSSE SENEDİ YOĞUN FON),1.709,1.642,1.472,1.456,1.399,1.308,1.323,1.232,1.218,1.110,1.175,1.195
GZH,GARANTİ PORTFÖY TEMİZ ENERJİ DEĞİŞKEN FON,2.148,2.077,2.036,1.979,1.806,1.787,1.704,1.641,1.694,1.694,1.716,1.807
GTY,GARANTİ PORTFÖY TREND SERBEST FON,1.658,1.656,1.640,1.645,1.612,1.606,1.608,1.601,1.621,1.611,1.631,1.628
GZY,GARANTİ PORTFÖY TURİZM VE SEYAHAT SEKTÖRÜ DEĞİŞKEN FON,2.035,1.967,1.929,1.977,1.880,1.873,1.838,1.727,1.706,1.614,1.623,1.739
GPU,GARANTİ PORTFÖY ÜÇÜNCÜ DEĞİŞKEN FON,4.728,4.654,4.509,4.476,4.356,4.243,4.245,4.120,4.140,4.031,4.101,4.121
GVI,GARANTİ PORTFÖY ÜÇÜNCÜ FON SEPETİ FONU,1.366,1.337,1.279,1.256,1.211,1.182,1.169,1.128,1.127,1.084,1.088,1.092
GAS,GARANTİ PORTFÖY ÜÇÜNCÜ SERBEST(DÖVİZ) FON,0.101,0.100,0.099,0.098,0.098,0.097,0.097,0.097,0.096,0.096,0.095,0.095
ECA,GLOBAL MD PORTFÖY BİRİNCİ DEĞİŞKEN FON,0.390,0.385,0.370,0.367,0.360,0.345,0.352,0.334,0.331,0.313,0.319,0.324
GMD,GLOBAL MD PORTFÖY BİRİNCİ FON SEPETİ FONU,1.370,1.360,1.336,1.337,1.321,1.311,1.295,1.286,1.281,1.271,1.268,1.268
EC2,GLOBAL MD PORTFÖY BİRİNCİ HİSSE SENEDİ FONU(HİSSE SENEDİ YOĞUN FON),21.843,21.499,20.006,19.766,19.013,17.839,18.257,16.979,16.775,15.214,15.626,16.055
GZN,GLOBAL MD PORTFÖY BOĞAZİÇİ SERBEST FON,8.443,8.016,7.396,6.895,6.557,6.165,6.587,5.792,5.625,5.114,5.238,5.564
GLG,GLOBAL MD PORTFÖY CAPİTAL HİSSE SENEDİ SERBEST FON (HİSSE SENEDİ YOĞUN FON),1.893,1.781,1.549,1.545,1.470,1.331,1.350,1.318,1.285,1.149,1.178,1.186
GZM,GLOBAL MD PORTFÖY DİNAMİK SERBEST (TL) FON,4.117,4.136,3.810,3.841,3.752,3.603,3.682,3.461,3.373,3.087,3.204,3.205
EBD,GLOBAL MD PORTFÖY İKİNCİ DEĞİŞKEN FON,0.057,0.057,0.054,0.054,0.052,0.051,0.051,0.049,0.049,0.047,0.048,0.048
GLC,GLOBAL MD PORTFÖY İKİNCİ FON SEPETİ FONU,1.458,1.434,1.368,1.354,1.340,1.309,1.313,1.264,1.261,1.214,1.231,1.226
GKF,GLOBAL MD PORTFÖY KATILIM FONU,1.156,1.139,1.137,1.134,1.129,1.120,1.117,1.115,1.113,1.113,1.110,1.107
HKM,HEDEF PORTFÖY BAŞAK HİSSE SENEDİ SERBEST (TL) FON (HİSSE SENEDİ YOĞUN FON),NaN,NaN,NaN,NaN,NaN,NaN,NaN,NaN,NaN,NaN,NaN,NaN
HVK,HEDEF PORTFÖY BİRİNCİ BORÇLANMA ARAÇLARI (TL) FONU,1.240,1.234,1.228,1.222,1.216,1.210,1.204,1.199,1.193,1.187,1.181,1.174
HJB,HEDEF PORTFÖY BİRİNCİ DEĞİŞKEN FON,NaN,NaN,NaN,NaN,NaN,NaN,NaN,NaN,NaN,NaN,NaN,NaN
NNF,HEDEF PORTFÖY BİRİNCİ HİSSE SENEDİ (TL) FONU (HİSSE SENEDİ YOĞUN FON),6.345,6.106,5.563,5.503,5.311,4.987,5.086,4.674,4.560,4.082,4.256,4.301
HDA,HEDEF PORTFÖY DÖRDÜNCÜ İSTATİSTİKSEL ARBİTRAJ HİSSE SENEDİ SERBEST (TL) FON (HİSSE SENEDİ YOĞUN FON),NaN,NaN,NaN,NaN,NaN,NaN,NaN,NaN,NaN,NaN,NaN,NaN
HMC,HEDEF PORTFÖY EKİNOKS SERBEST (TL) FON,2.702,2.692,2.570,2.462,2.299,2.110,2.112,2.041,1.973,1.804,1.735,1.671
HGM,HEDEF PORTFÖY İKİNCİ HİSSE SENEDİ (TL) FONU (HİSSE SENEDİ YOĞUN FON),NaN,NaN,NaN,NaN,NaN,NaN,NaN,NaN,NaN,NaN,NaN,NaN
HKH,HEDEF PORTFÖY KATILIM HİSSE SENEDİ (TL) FONU (HİSSE SENEDİ YOĞUN FON),2.336,2.160,1.967,1.936,1.855,1.704,1.686,1.553,1.494,1.324,1.332,1.334
KSA,HEDEF PORTFÖY KISA VADELİ SERBEST (TL) FON,NaN,NaN,NaN,NaN,NaN,NaN,NaN,NaN,NaN,NaN,NaN,NaN
FNT,HEDEF PORTFÖY MODEL HİSSE SENEDİ SERBEST (TL) FON (HİSSE SENEDİ YOĞUN FON),NaN,NaN,NaN,NaN,NaN,NaN,NaN,NaN,NaN,NaN,NaN,NaN
HYV,HEDEF PORTFÖY PARA PİYASASI (TL) FONU,1.419,1.413,1.406,1.401,1.395,1.389,1.383,1.377,1.372,1.366,1.360,1.354
HDK,HEDEF PORTFÖY VEGA İSTATİSTİKSEL ARBİTRAJ HİSSE SENEDİ SERBEST FON (HİSSE SENEDİ YOĞUN FON),NaN,NaN,NaN,NaN,NaN,NaN,NaN,NaN,NaN,NaN,NaN,NaN
HST,HSBC PORTFÖY  BORÇLANMA ARAÇLARI (TL) FONU,0.418,0.416,0.406,0.402,0.406,0.405,0.405,0.394,0.397,0.397,0.399,0.396
HBF,HSBC PORTFÖY ALTIN FONU,8.564,8.356,8.375,8.308,7.856,7.943,7.785,7.936,8.170,7.983,7.858,7.841
HBN,HSBC PORTFÖY BİRİNCİ FON SEPETİ FONU,1.097,1.080,1.060,1.051,1.036,1.017,1.023,NaN,NaN,NaN,NaN,NaN
HBU,HSBC PORTFÖY BİST 30 ENDEKSİ HİSSE SENEDİ FONU (HİSSE SENEDİ YOĞUN FON),0.433,0.429,0.401,0.395,0.374,0.344,0.351,0.323,0.321,0.283,0.291,0.300
HPO,HSBC PORTFÖY ÇOKLU VARLIK BİRİNCİ DEĞİŞKEN FON,0.042,0.042,0.042,0.041,0.041,0.041,0.041,0.041,0.041,0.041,0.040,0.040
HPD,HSBC PORTFÖY ÇOKLU VARLIK İKİNCİ DEĞİŞKEN FON,0.065,0.063,0.062,0.062,0.061,0.059,0.059,0.058,0.058,0.056,0.057,0.057
HSA,HSBC PORTFÖY DEĞİŞKEN (TL) FON,459.386,444.840,430.817,425.728,417.776,401.678,410.946,389.608,377.432,362.741,368.394,367.596
HVS,HSBC PORTFÖY HİSSE SENEDİ (TL) FONU (HİSSE SENEDİ YOĞUN FON),0.407,0.395,0.374,0.368,0.353,0.330,0.341,0.312,0.303,0.274,0.282,0.283
HKR,HSBC PORTFÖY KIRMIZI HİSSE SENEDİ SERBEST (TL) FON (HİSSE SENEDİ YOĞUN FON),NaN,NaN,NaN,NaN,NaN,NaN,NaN,NaN,NaN,NaN,NaN,NaN
HPT,HSBC PORTFÖY KISA VADELİ BORÇLANMA ARAÇLARI (TL) FONU,0.031,0.031,0.031,0.031,0.031,0.030,0.030,0.030,0.030,0.030,0.030,0.030
HSL,HSBC PORTFÖY PARA PİYASASI (TL) FONU,102.905,102.646,102.375,102.094,101.832,101.569,101.311,101.048,100.792,100.537,100.250,99.958
HMS,HSBC PORTFÖY SÜRDÜRÜLEBİLİRLİK HİSSE SENEDİ (TL) FONU (HİSSE SENEDİ YOĞUN FON),0.027,0.026,0.025,0.024,0.023,0.021,0.022,0.020,0.020,0.018,0.019,0.019
HOA,HSBC PORTFÖY TEKNOLOJİ DEĞİŞKEN FON,0.038,0.037,0.037,0.038,0.036,0.037,0.038,0.037,0.037,0.037,0.037,0.038
HOY,HSBC PORTFÖY YABANCI BYF FON SEPETI,0.098,0.096,0.095,0.095,0.091,0.092,0.090,0.088,0.089,0.088,0.089,0.091
HMG,HSBC PYŞ MUTLAK GETİRİ HEDEFLİ HİSSE SENEDİ SERBEST (TL) FON(HİSSE SENEDİ YOĞUN FON),0.017,0.017,0.017,0.017,0.017,0.017,0.018,0.017,0.017,0.017,0.017,0.016
ICA,ICBC TURKEY PORTFÖY ALTIN FONU,0.098,0.096,0.096,0.095,0.090,0.091,0.089,0.091,0.094,0.091,0.090,0.090
ICD,ICBC TURKEY PORTFÖY BİRİNCİ DEĞİŞKEN FON,31.341,30.996,30.783,30.635,30.290,30.092,29.912,28.833,28.810,28.430,28.476,28.675
IJH,ICBC TURKEY PORTFÖY BİRİNCİ FON SEPETİ FONU,1.553,1.518,1.489,1.474,1.436,1.412,1.401,1.355,1.356,1.333,1.334,1.346
IFV,ICBC TURKEY PORTFÖY BİRİNCİ KISA VADELİ BORÇLANMA ARAÇLARI (TL) FONU,1.169,1.163,1.158,1.154,1.149,1.143,1.139,1.135,1.131,1.127,1.127,1.122
ICV,ICBC TURKEY PORTFÖY BİRİNCİ SERBEST FON,1.499,1.482,1.474,1.471,1.452,1.442,1.433,1.387,1.392,1.380,1.381,1.390
ICF,ICBC TURKEY PORTFÖY HİSSE SENEDİ FONU(HİSSE SENEDİ YOĞUN FON),50.698,49.342,44.709,43.208,41.577,39.204,39.553,36.001,35.146,32.063,33.288,34.736
ICC,ICBC TURKEY PORTFÖY İKİNCİ DEĞİŞKEN FON,0.307,0.302,0.290,0.286,0.280,0.272,0.273,0.261,0.258,0.246,0.250,0.254
ICE,ICBC TURKEY PORTFÖY PARA PİYASASI (TL) FONU,30.981,30.866,30.767,30.654,30.545,30.439,30.333,30.226,30.135,30.028,29.925,29.818
ICS,ICBC TURKEY PORTFÖY SERBEST (DÖVİZ) FON,20.793,20.679,20.489,20.521,20.297,20.296,20.086,20.081,20.179,20.104,20.241,20.185
IFN,ICBC TURKEY PORTFÖY SÜRDÜRÜLEBİLİRLİK HİSSE SENEDİ FONU(HİSSE SENEDİ YOĞUN FON),2.605,2.554,2.337,2.277,2.201,2.070,2.101,1.881,1.854,1.686,1.758,1.842
GGK,INVEO PORTFÖY  ALTIN FON,2.216,2.161,2.158,2.151,2.021,2.036,1.992,2.029,2.097,2.047,2.009,2.009
IJA,INVEO PORTFÖY ATAK DEĞİŞKEN FON,2.767,2.769,2.505,2.407,2.354,2.277,2.312,2.191,2.155,1.992,2.070,2.009
GPG,INVEO PORTFÖY BİRİNCİ DEĞİŞKEN FON,3.550,3.457,3.365,3.356,3.004,2.943,2.767,2.688,2.727,2.645,2.717,2.844
GJB,INVEO PORTFÖY BİRİNCİ FON SEPETİ FONU,2.365,2.314,2.159,2.118,2.051,1.992,1.987,1.900,1.879,1.772,1.809,1.818
GAF,INVEO PORTFÖY BİRİNCİ HİSSE SENEDİ FONU (HİSSE SENEDİ YOĞUN FON),0.370,0.361,0.328,0.321,0.306,0.287,0.293,0.270,0.268,0.243,0.252,0.262
GAG,INVEO PORTFÖY BİRİNCİ SERBEST (DÖVIZ)  FON,6.065,6.019,5.981,5.896,5.893,5.873,5.837,5.795,5.798,5.764,5.721,5.690
GYK,INVEO PORTFÖY BORÇLANMA ARAÇLARI (TL) FONU,0.029,0.029,0.029,0.029,0.029,0.029,0.028,0.028,0.028,0.028,0.028,0.028
CVK,INVEO PORTFÖY ÇOKLU VARLIK KATILIM FONU,NaN,NaN,NaN,NaN,NaN,NaN,NaN,NaN,NaN,NaN,NaN,NaN
IDN,INVEO PORTFÖY DENGELİ DEĞİŞKEN FON,NaN,NaN,NaN,NaN,NaN,NaN,NaN,NaN,NaN,NaN,NaN,NaN
IUH,INVEO PORTFÖY DÖNÜŞTÜRÜCÜ TEKNOLOJİLER FON SEPETİ FONU,1.308,1.289,1.250,1.242,1.192,1.171,1.137,1.122,1.123,1.084,1.093,1.127
IUT,INVEO PORTFÖY ESG SÜRDÜRÜLEBİLİRLİK FON SEPETİ FONU,1.524,1.515,1.459,1.437,1.349,1.309,1.280,1.231,1.241,1.176,1.211,1.264
GBG,INVEO PORTFÖY G-20 ÜLKELERİ YABANCI HİSSE SENEDİ FONU,0.136,0.135,0.133,0.129,0.123,0.123,0.119,0.118,0.119,0.116,0.117,0.122
GMR,INVEO PORTFÖY İKİNCİ HİSSE SENEDİ FONU (HİSSE SENEDİ YOĞUN FON),0.432,0.403,0.357,0.350,0.338,0.321,0.317,0.296,0.286,0.263,0.274,0.270
GKS,INVEO PORTFÖY İKİNCİ SERBEST FON,2.670,2.645,2.543,2.442,2.393,2.278,2.263,2.247,2.185,2.137,2.195,2.181
GAK,INVEO PORTFÖY KARMA FON,2.335,2.303,2.230,2.198,2.180,2.134,2.137,2.081,2.043,1.979,1.988,1.987
IRY,INVEO PORTFÖY PARA PİYASASI (TL) FONU,NaN,NaN,NaN,NaN,NaN,NaN,NaN,NaN,NaN,NaN,NaN,NaN
GSM,INVEO PORTFÖY SMART ALGO SERBEST FON,NaN,NaN,NaN,NaN,NaN,NaN,NaN,NaN,NaN,NaN,NaN,NaN
IRT,INVEO PORTFÖY TEKNOLOJİ DEĞİŞKEN FON,1.245,1.220,1.161,1.110,1.076,1.072,1.056,1.014,1.006,0.969,0.976,1.010
IZS,İSTANBUL PORTFÖY ALTINCI SERBEST FON,3.079,3.058,3.030,3.029,3.032,3.003,3.013,2.931,2.907,2.851,2.808,2.949
IPB,İSTANBUL PORTFÖY BİRİNCİ DEĞİŞKEN FON,0.148,0.144,0.135,0.131,0.126,0.119,0.123,0.112,0.110,0.101,0.106,0.107
IRF,İSTANBUL PORTFÖY BİRİNCİ FON SEPETİ FONU,1.195,1.178,1.174,1.159,1.146,1.128,1.124,1.121,1.114,1.098,1.094,1.090
IZB,İSTANBUL PORTFÖY BİRİNCİ FON SEPETİ SERBEST FON,2.220,2.166,2.105,2.020,2.026,1.999,1.931,1.829,1.740,1.694,1.682,1.589
IJV,İSTANBUL PORTFÖY BİRİNCİ PARA PİYASASI (TL) FONU,1.290,1.286,1.281,1.277,1.273,1.270,1.266,1.262,1.258,1.253,1.249,1.245
IVY,İSTANBUL PORTFÖY BLOCKCHAİN TEKNOLOJİLERİ KARMA FON,0.808,0.802,0.824,0.830,0.870,0.929,0.856,0.883,0.921,0.891,0.879,0.939
ACC,İSTANBUL PORTFÖY DÖRDÜNCÜ HİSSE SENEDİ FONU (HİSSE SENEDİ YOĞUN),10.334,9.807,8.976,8.914,8.695,7.953,8.046,7.380,7.273,6.590,6.914,6.736
ACK,İSTANBUL PORTFÖY HİSSE SENEDİ FONU(HİSSE SENEDİ YOĞUN FON),0.148,0.145,0.139,0.135,0.132,0.129,0.130,0.125,0.122,0.115,0.118,0.121
ACD,İSTANBUL PORTFÖY İKİNCİ DEĞİŞKEN FON,1.214,1.192,1.125,1.129,1.097,1.047,1.066,1.003,0.999,0.924,0.945,0.958
IRV,İSTANBUL PORTFÖY İSTATİSTİKSEL ARBİTRAJ SERBEST FON,1.710,1.666,1.642,1.625,1.597,1.576,1.564,1.530,1.500,1.484,1.469,1.453
IVF,İSTANBUL PORTFÖY KATILIM HİSSE SENEDİ (TL) FONU (HİSSE SENEDİ YOĞUN FON),1.650,1.564,1.427,1.417,1.364,1.270,1.261,1.216,1.186,1.098,1.108,1.117
IST,İSTANBUL PORTFÖY KISA VADELİ BORÇLANMA ARAÇLARI (TL) FONU,0.045,0.045,0.045,0.045,0.045,0.045,0.044,0.044,0.044,0.044,0.044,0.043
YCY,İSTANBUL PORTFÖY KİRA SERTİFİKALARI KATILIM FONU,1.239,1.234,1.228,1.223,1.218,1.213,1.208,1.203,1.199,1.194,1.190,1.185
IMF,İSTANBUL PORTFÖY MAESTRO SERBEST FON,1.926,1.894,1.901,1.852,1.823,1.792,1.779,1.750,1.741,1.725,1.735,1.755
IIE,İSTANBUL PORTFÖY ONDÖRDÜNCÜ SERBEST FON,NaN,NaN,NaN,NaN,NaN,NaN,NaN,NaN,NaN,NaN,NaN,NaN
IRO,İSTANBUL PORTFÖY ROBOTİK TEKNOLOJİLERİ SERBEST FON,NaN,NaN,NaN,NaN,NaN,NaN,NaN,NaN,NaN,NaN,NaN,NaN
ACU,İSTANBUL PORTFÖY URARTU SERBEST (DÖVİZ) FON,19.556,19.264,19.041,18.946,18.680,18.512,18.124,18.149,18.122,18.033,18.210,18.199
IIH,İSTANBUL PORTFÖY ÜÇÜNCÜ HİSSE SENEDİ FONU (HİSSE SENEDİ YOĞUN FON),6.471,6.175,5.513,5.435,5.332,5.015,5.064,4.593,4.522,4.089,4.275,4.389
ARE,İSTANBUL PORTFÖY YABANCI (GELİŞMEKTE OLAN PİYASALAR) BORÇLANMA ARAÇLARI FONU,0.078,0.075,0.074,0.072,0.070,0.069,0.068,0.068,0.070,0.070,0.072,0.073
TTA,İŞ PORTFÖY ALTIN FONU,0.115,0.113,0.113,0.112,0.106,0.107,0.105,0.107,0.110,0.107,0.105,0.105
IBB,İŞ PORTFÖY ATAK DEĞİŞKEN FON,3.873,3.826,3.747,3.731,3.628,3.581,3.569,3.521,3.548,3.450,3.469,3.530
IPG,İŞ PORTFÖY ATAK FON SEPETİ FONU,2.572,2.534,2.483,2.448,2.389,2.367,2.347,2.305,2.314,2.257,2.256,2.278
IUV,İŞ PORTFÖY BEŞİNCİ SERBEST (DÖVİZ)  FON,18.969,18.797,18.653,18.515,18.427,18.325,18.190,18.153,18.146,18.056,17.925,17.823
TAU,İŞ PORTFÖY BIST BANKA ENDEKSİ HİSSE SENEDİ (TL) FONU (HİSSE SENEDİ YOĞUN FON),0.151,0.150,0.144,0.133,0.129,0.128,0.136,0.120,0.115,0.104,0.105,0.120
TTE,İŞ PORTFÖY BIST TEKNOLOJİ AĞIRLIK SINIRLAMALI ENDEKSİ HİSSE SENEDİ (TL) FONU (HİSSE SENEDİ YOĞUN FON),0.368,0.363,0.324,0.304,0.297,0.278,0.283,0.247,0.232,0.219,0.222,0.229
IDH,İŞ PORTFÖY BIST 100 DIŞI ŞİRKETLER HİSSE SENEDİ (TL) FONU (HİSSE SENEDİ YOĞUN FON),3.357,3.177,2.927,2.657,2.410,2.203,2.225,2.012,1.867,1.688,1.684,1.655
TIE,İŞ PORTFÖY BIST 30 ENDEKSİ HİSSE SENEDİ (TL) FONU (HİSSE SENEDİ YOĞUN FON),0.231,0.227,0.211,0.208,0.197,0.182,0.186,0.172,0.170,0.152,0.156,0.161
CKS,İŞ PORTFÖY BİRİNCİ KATILIM SERBEST (DÖVİZ) FON,NaN,NaN,NaN,NaN,NaN,NaN,NaN,NaN,NaN,NaN,NaN,NaN
IJP,İŞ PORTFÖY BLOCKCHAİN TEKNOLOJİLERİ KARMA FON,1.704,1.687,1.661,1.606,1.498,1.495,1.442,1.454,1.469,1.431,1.467,1.524
TI7,İŞ PORTFÖY DENGELİ DEĞİŞKEN FON,20.995,20.782,20.470,20.369,19.934,19.732,19.637,19.549,19.603,19.235,19.310,19.569
KKH,İŞ PORTFÖY DENGELİ FON SEPETİ FONU,1.676,1.652,1.629,1.596,1.557,1.543,1.532,1.514,1.515,1.491,1.487,1.496
IJB,İŞ PORTFÖY DİJİTAL OYUN SEKTÖRÜ KARMA FON,1.709,1.671,1.656,1.597,1.552,1.543,1.521,1.517,1.548,1.502,1.519,1.571
IPJ,İŞ PORTFÖY ELEKTRİKLİ ARAÇLAR KARMA FON,5.184,5.116,5.116,5.160,4.873,4.838,4.635,4.675,4.803,4.737,4.880,5.066
TGE,İŞ PORTFÖY EMTİA YABANCI BYF FON SEPETİ FONU,0.090,0.088,0.087,0.090,0.087,0.085,0.083,0.086,0.087,0.084,0.083,0.086
IPV,İŞ PORTFÖY EUROBOND BORÇLANMA ARAÇLARI (DÖVİZ) FONU,23.093,22.903,22.698,22.636,22.550,22.450,22.244,22.172,22.164,22.082,21.863,21.757
IOG,İŞ PORTFÖY GÜMÜŞ SERBEST FON,2.017,1.931,1.903,1.933,1.767,1.742,1.656,1.692,1.837,1.715,1.731,1.675
TI2,İŞ PORTFÖY HİSSE SENEDİ (TL) FONU (HİSSE SENEDİ YOĞUN FON),295.463,282.690,260.211,257.209,248.465,231.024,236.149,218.154,212.866,190.664,195.618,199.144
IHT,İŞ PORTFÖY İHRACATÇI ŞİRKETLER HİSSE SENEDİ (TL) FONU (HİSSE SENEDİ YOĞUN FON),1.411,1.329,1.189,1.171,1.132,1.064,1.046,0.993,NaN,NaN,NaN,NaN
TI3,İŞ PORTFÖY İŞ BANKASI İŞTİRAKLERİ ENDEKSİ HİSSE SENEDİ (TL) FONU (HİSSE SENEDİ YOĞUN FON),374.923,372.267,332.847,320.791,310.186,302.427,301.257,270.046,270.235,250.900,269.862,318.206
IHK,İŞ PORTFÖY İŞ'TE KADIN HİSSE SENEDİ (TL) FONU (HİSSE SENEDİ YOĞUN FON),3.791,3.638,3.380,3.331,3.175,2.942,2.997,2.740,2.690,2.401,2.464,2.527
IAT,İŞ PORTFÖY KİRA SERTİFİKALARI KATILIM (TL) FONU,0.058,0.058,0.057,0.057,0.057,0.057,0.056,0.056,0.056,0.055,0.055,0.055
FBV,İŞ PORTFÖY MODEL SERBEST FON,1.569,1.530,1.514,1.488,1.424,1.414,1.377,1.406,1.431,1.393,1.407,1.438
ONS,İŞ PORTFÖY ONİKİNCİ SERBEST (DÖVİZ) FON,NaN,NaN,NaN,NaN,NaN,NaN,NaN,NaN,NaN,NaN,NaN,NaN
TI6,İŞ PORTFÖY ORTA VADELİ BORÇLANMA ARAÇLARI (TL) FONU,181.461,180.844,178.260,177.663,179.043,178.242,177.039,175.250,175.019,174.642,174.132,173.236
TBV,İŞ PORTFÖY ÖZEL SEKTÖR BORÇLANMA ARAÇLARI (TL) FONU,0.102,0.102,0.102,0.101,0.101,0.101,0.100,0.100,0.100,0.099,0.099,0.099
IKL,İŞ PORTFÖY SAĞLIK ŞİRKETLERİ KARMA FON,2.864,2.835,2.753,2.745,2.672,2.693,2.567,2.595,2.575,2.530,2.503,2.567
IDF,İŞ PORTFÖY SERBEST (DÖVİZ) FON,22.924,22.814,22.671,22.541,22.489,22.408,22.298,22.238,22.242,22.154,21.913,21.800
IJZ,İŞ PORTFÖY SİBER GÜVENLİK TEKNOLOJİLERİ DEĞİŞKEN FON,2.502,2.501,2.390,2.249,2.122,2.152,2.069,2.004,2.038,1.962,1.965,2.040
BIO,İŞ PORTFÖY SÜRDÜRÜLEBİLİRLİK HİSSE SENEDİ (TL) FONU (HİSSE SENEDİ YOĞUN FON),NaN,NaN,NaN,NaN,NaN,NaN,NaN,NaN,NaN,NaN,NaN,NaN
IJT,İŞ PORTFÖY TARIM SERBEST FON,2.434,2.422,2.338,2.345,2.346,2.261,2.257,2.220,2.198,2.114,2.163,2.137
IEV,İŞ PORTFÖY TAŞIMACILIK DEĞİŞKEN FON,1.376,1.342,1.320,1.321,1.252,1.245,1.195,1.195,1.174,1.130,1.140,1.202
ITP,İŞ PORTFÖY TEKNOLOJİ KARMA FON,2.161,2.142,2.135,2.092,1.972,2.042,1.985,1.989,2.025,1.991,1.999,2.052
TMC,İŞ PORTFÖY TEMA DEĞİŞKEN FON,0.044,0.044,0.043,0.043,0.043,0.043,0.043,0.042,0.042,0.042,0.042,0.042
TI4,İŞ PORTFÖY TEMKİNLİ DEĞİŞKEN FON,139.872,138.849,137.910,137.150,135.539,135.347,134.702,134.221,134.285,132.591,132.466,132.785
ILZ,İŞ PORTFÖY TEMKİNLİ FON SEPETİ FONU,1.787,1.765,1.754,1.733,1.704,1.697,1.688,1.680,1.679,1.664,1.658,1.659
EDU,İŞ PORTFÖY TEV EĞİTİME DESTEK SERBEST FON,NaN,NaN,NaN,NaN,NaN,NaN,NaN,NaN,NaN,NaN,NaN,NaN
TDG,İŞ PORTFÖY YABANCI BORÇLANMA ARAÇLARI FONU,0.185,0.185,0.185,0.182,0.180,0.181,0.177,0.180,0.181,0.180,0.181,0.182
TMG,İŞ PORTFÖY YABANCI HİSSE SENEDİ FONU,0.293,0.292,0.290,0.286,0.270,0.277,0.267,0.268,0.268,0.263,0.266,0.274
IJC,İŞ PORTFÖY YARI İLETKEN TEKNOLOJİLERİ DEĞİŞKEN FON,2.700,2.664,2.532,2.422,2.206,2.106,2.019,2.022,2.068,1.974,1.982,2.066
IUF,İŞ PORTFÖY YEDİNCİ SERBEST (DÖVİZ-AVRO) FON,19.997,19.704,19.562,19.279,18.356,18.798,18.243,18.154,18.227,18.184,17.966,18.185
IKP,İŞ PORTFÖY YENİLENEBİLİR ENERJİ KARMA FON,2.323,2.321,2.262,2.218,2.107,2.074,1.995,1.993,2.040,2.011,2.051,2.148
KRC,KARE PORTFÖY BİRİNCİ BORÇLANMA ARAÇLARI FONU,0.039,0.039,0.038,0.038,0.038,0.038,0.038,0.037,0.037,0.037,0.037,0.037
KRF,KARE PORTFÖY BİRİNCİ DEĞİŞKEN FON,4.594,4.530,4.296,4.264,4.205,4.069,4.088,3.888,3.876,3.734,3.778,3.822
KUB,KARE PORTFÖY DEĞİŞKEN  (DÖVİZ) FONU,0.198,0.198,0.195,0.194,0.188,0.187,0.184,0.182,0.182,0.181,0.183,0.188
KYA,KARE PORTFÖY HİSSE SENEDİ FONU(HİSSE SENEDİ YOĞUN FON),0.354,0.346,0.314,0.313,0.305,0.290,0.293,0.267,0.264,0.238,0.247,0.249
KPP,KARE PORTFÖY PARA PİYASASI FONU,NaN,NaN,NaN,NaN,NaN,NaN,NaN,NaN,NaN,NaN,NaN,NaN
KRS,KARE PORTFÖY SERBEST (DÖVİZ) FON,0.149,0.148,0.145,0.144,0.136,0.137,0.133,0.130,0.131,0.129,0.130,0.136
KRT,KARE PORTFÖY TÜRKİYE ODAKLI SERBEST (DÖVİZ ) FON,22.761,22.801,22.555,22.361,22.323,22.122,21.932,21.845,21.814,21.665,21.512,21.428
KZL,KUVEYT TÜRK PORTFÖY ALTIN KATILIM FONU,4.316,4.205,4.216,4.181,3.946,3.976,3.898,3.959,4.076,3.976,3.918,3.906
KAV,KUVEYT TÜRK PORTFÖY ALTINCI KATILIM SERBEST (DÖVİZ-AVRO) FON,19.533,19.296,19.209,18.910,18.106,18.598,18.038,18.002,18.085,18.041,17.842,18.088
KDL,KUVEYT TÜRK PORTFÖY BEŞİNCİ KATILIM SERBEST (DÖVİZ) FON,18.781,18.768,18.745,18.652,18.726,18.710,18.687,18.663,18.653,18.603,18.446,18.314
KTR,KUVEYT TÜRK PORTFÖY BİRİNCİ KATILIM SERBEST (TL) FON,2.687,2.676,2.666,2.655,2.645,2.635,2.625,2.616,2.606,2.597,2.587,2.577
KTM,KUVEYT TÜRK PORTFÖY BİRİNCİ KATILIM (TL) FONU,5.179,5.072,4.851,4.816,4.748,4.584,4.575,4.437,4.386,4.187,4.225,4.188
KCV,KUVEYT TÜRK PORTFÖY ÇOKLU VARLIK KATILIM FONU,NaN,NaN,NaN,NaN,NaN,NaN,NaN,NaN,NaN,NaN,NaN,NaN
KTT,KUVEYT TÜRK PORTFÖY DÖRDÜNCÜ KATILIM SERBEST (DÖVİZ) FON,21.384,21.283,21.168,21.061,20.960,20.869,20.600,20.846,20.858,21.113,20.985,20.870
KPU,KUVEYT TÜRK PORTFÖY İKİNCİ KATILIM HİSSE SENEDİ (TL) FONU (HİSSE SENEDİ YOĞUN FON),NaN,NaN,NaN,NaN,NaN,NaN,NaN,NaN,NaN,NaN,NaN,NaN
KTS,KUVEYT TÜRK PORTFÖY İKİNCİ KATILIM SERBEST FON,3.612,3.500,3.357,3.339,3.291,3.146,3.142,3.050,2.990,2.828,2.856,2.851
KPC,KUVEYT TÜRK PORTFÖY KATILIM HİSSE SENEDİ (TL) FONU (HİSSE SENEDİ YOĞUN FON),4.688,4.470,4.096,4.014,3.889,3.600,3.582,3.355,3.244,2.896,2.954,2.934
KSV,KUVEYT TÜRK PORTFÖY KISA VADELİ KATILIM SERBEST (TL) FON,1.492,1.486,1.481,1.475,1.470,1.465,1.460,1.455,1.450,1.445,1.440,1.435
KTV,KUVEYT TÜRK PORTFÖY KISA VADELİ KİRA SERTİFİKALARI KATILIM (TL) FONU,2.131,2.123,2.116,2.109,2.102,2.095,2.088,2.080,2.073,2.066,2.059,2.051
KUT,KUVEYT TÜRK PORTFÖY KIYMETLİ MADENLER KATILIM FONU,1.989,1.924,1.917,1.928,1.773,1.774,1.703,1.742,1.859,1.753,1.748,1.709
KTN,KUVEYT TÜRK PORTFÖY KİRA SERTİFİKALARI KATILIM (TL) FONU,2.586,2.575,2.567,2.557,2.546,2.530,2.518,2.512,2.504,2.492,2.484,2.464
KLU,KUVEYT TÜRK PORTFÖY PARA PİYASASI KATILIM (TL) FONU,1.305,1.301,1.296,1.292,1.288,1.283,1.279,1.275,1.271,1.267,1.262,1.258
KSR,KUVEYT TÜRK PORTFÖY SÜRDÜRÜLEBİLİRLİK KATILIM FONU,1.338,1.322,1.264,1.269,1.231,1.197,1.181,1.177,1.178,1.136,1.138,1.155
IDD,LOGOS PORTFÖY DİNAMİK DAĞIMLI SERBEST FON,0.059,0.057,0.057,0.056,0.054,0.053,0.053,0.052,0.052,0.051,0.051,0.051
MAC,MARMARA CAPITAL PORTFÖY HİSSE SENEDİ (TL) FONU (HİSSE SENEDİ YOĞUN FON),0.264,0.251,0.226,0.215,0.203,0.195,0.191,0.177,0.174,0.156,0.165,0.172
MAD,MEKSA PORTFÖY BİRİNCİ DEĞİŞKEN FON,0.361,0.347,0.313,0.308,0.298,0.284,0.287,0.262,0.256,0.229,0.239,0.236
MBL,MEKSA PORTFÖY İKİNCİ DEĞİŞKEN FON,0.081,0.081,0.081,0.081,0.081,0.081,0.081,0.081,0.080,0.080,0.080,0.080
NBH,NEO PORTFÖY ALGORİTMİK STRATEJİLER SERBEST FON,1.502,1.471,1.420,1.405,1.372,1.328,1.296,1.282,1.234,1.206,1.184,1.164
NZH,NEO PORTFÖY BİRİNCİ BORÇLANMA ARAÇLARI FONU,1.426,1.420,1.414,1.408,1.402,1.396,1.390,1.384,1.378,1.372,1.366,1.360
NRC,NEO PORTFÖY BİRİNCİ DEĞİŞKEN FON,3.185,3.075,2.846,2.813,2.734,2.702,2.757,2.505,2.425,2.100,2.165,2.234
NHP,NEO PORTFÖY BİRİNCİ FON SEPETİ FONU,1.423,1.402,1.361,1.347,1.325,1.304,1.292,1.265,1.257,1.233,1.231,1.226
NHY,NEO PORTFÖY BİRİNCİ HİSSE SENEDİ (TL) FONU (HİSSE SENEDİ YOĞUN FON),1.598,1.551,1.433,1.413,1.375,1.352,1.379,1.259,1.217,1.061,1.094,1.130
NRG,NEO PORTFÖY BİRİNCİ PARA PİYASASI FONU,1.242,1.237,1.232,1.226,1.221,1.216,1.211,1.206,1.201,1.195,1.191,1.186
NBZ,NEO PORTFÖY BİRİNCİ SERBEST (DÖVİZ) FON,23.662,23.338,23.211,23.041,23.052,23.069,22.956,22.909,22.876,22.772,22.501,22.347
NSK,NEO PORTFÖY BİRİNCİ SERBEST FON,1.540,1.525,1.521,1.518,1.508,1.492,1.482,1.477,1.462,1.458,1.438,1.421
NVB,NEO PORTFÖY İKİNCİ PARA PİYASASI (TL) FON,1.080,1.076,1.071,1.066,1.062,1.057,1.053,1.048,1.044,1.039,1.035,1.030
NVZ,NEO PORTFÖY ORSA SERBEST (DÖVİZ) FON,NaN,NaN,NaN,NaN,NaN,NaN,NaN,NaN,NaN,NaN,NaN,NaN
NZT,NEO PORTFÖY PARA PİYASASI SERBEST FON,1.402,1.397,1.392,1.386,1.390,1.385,1.379,1.374,1.377,1.371,1.365,1.355
NVT,NEO PORTFÖY ÜÇÜNCÜ SERBEST (TL) FON,1.067,1.062,1.058,1.053,1.048,1.044,1.040,1.036,1.032,1.028,1.025,1.021
NJF,NUROL PORTFÖY ALTIN FONU,2.008,1.963,1.968,1.952,1.867,1.862,1.839,1.855,1.903,1.867,1.844,1.839
NJR,NUROL PORTFÖY BİRİNCİ BORÇLANMA ARAÇLARI FONU,1.282,1.275,1.269,1.263,1.257,1.251,1.245,1.239,1.233,1.227,1.221,1.215
NJY,NUROL PORTFÖY BİRİNCİ KATILIM FONU,1.747,1.731,1.690,1.680,1.653,1.603,1.602,1.573,1.569,1.518,1.519,1.511
NJG,NUROL PORTFÖY BİRİNCİ SERBEST FON,1.257,1.251,1.248,1.243,1.237,1.231,1.226,1.221,1.214,1.208,1.203,1.198
NSD,NUROL PORTFÖY DÖRDÜNCÜ SERBEST (DÖVİZ) FON,NaN,NaN,NaN,NaN,NaN,NaN,NaN,NaN,NaN,NaN,NaN,NaN
PPN,NUROL PORTFÖY PARA PİYASASI (TL) FONU,1.290,1.285,1.279,1.274,1.268,1.263,1.257,1.252,1.247,1.242,1.236,1.231
NTS,NUROL PORTFÖY TAŞINMAZ SEKTÖRÜ SERBEST FON,NaN,NaN,NaN,NaN,NaN,NaN,NaN,NaN,NaN,NaN,NaN,NaN
NCS,NUROL PORTFÖY ÜÇÜNCÜ SERBEST (DÖVİZ) FON,NaN,NaN,NaN,NaN,NaN,NaN,NaN,NaN,NaN,NaN,NaN,NaN
OPF,OSMANLI PORTFÖY AGRESİF DEĞİŞKEN FON,NaN,NaN,NaN,NaN,NaN,NaN,NaN,NaN,NaN,NaN,NaN,NaN
OIL,OSMANLI PORTFÖY AGRESİF FON SEPETİ FONU,1.539,1.469,1.345,1.315,1.272,1.193,1.202,1.128,1.103,1.014,1.043,1.077
OPD,OSMANLI PORTFÖY ANKA SERBEST FON,1.980,1.877,1.877,1.877,1.877,1.799,1.799,1.799,1.799,1.799,1.769,1.769
OUD,OSMANLI PORTFÖY ATLANTİK SERBEST (DÖVİZ) FON,19.012,18.578,18.402,18.186,18.135,17.942,17.790,17.757,17.759,17.634,17.595,17.507
OPB,OSMANLI PORTFÖY BİRİNCİ DEĞİŞKEN FON,3.472,3.341,3.242,3.210,3.185,3.094,3.082,3.013,2.984,2.910,2.921,2.897
OLE,OSMANLI PORTFÖY BİRİNCİ FON SEPETİ FONU,1.235,1.221,1.206,1.201,1.190,1.180,1.177,1.169,1.166,1.156,1.153,1.150
OPH,OSMANLI PORTFÖY BİRİNCİ HİSSE SENEDİ FONU(HİSSE SENEDİ YOĞUN FON),8.478,7.786,7.036,6.802,6.592,5.968,5.939,5.528,5.358,4.902,4.946,4.792
ODP,OSMANLI PORTFÖY BİRİNCİ SERBEST FON,1.281,1.261,1.244,1.241,1.176,1.211,1.165,1.138,1.165,1.127,1.143,1.193
OIR,OSMANLI PORTFÖY DENGELİ FON SEPETİ FONU,1.271,1.241,1.195,1.182,1.157,1.131,1.130,1.108,1.099,1.068,1.072,1.075
OPL,OSMANLI PORTFÖY İKİNCİ DEĞİŞKEN FON,2.203,2.141,2.092,2.075,2.064,2.031,2.027,1.992,1.990,1.951,1.951,1.937
OPI,OSMANLI PORTFÖY İKİNCİ HİSSE SENEDİ FONU(HİSSE SENEDİ YOĞUN FON),7.828,7.418,6.662,6.471,6.283,5.818,5.789,5.403,5.270,4.806,4.929,4.931
OLA,OSMANLI PORTFÖY İKİNCİ SERBEST (DÖVİZ- AVRO) FON,17.957,17.253,17.027,16.768,15.788,16.066,15.426,15.445,15.534,15.478,15.400,15.745
OSL,OSMANLI PORTFÖY KISA VADELİ BORÇLANMA ARAÇLARI (TL) FONU,0.040,0.040,0.040,0.040,0.040,0.039,0.039,0.039,0.039,0.039,0.039,0.039
OSD,OSMANLI PORTFÖY ÖZEL SEKTÖR BORÇLANMA ARAÇLARI FONU,3.230,3.214,3.202,3.190,3.171,3.157,3.147,3.135,3.116,3.098,3.091,3.079
OGD,OYAK PORTFÖY ALTIN KATILIM FONU,2.061,2.009,2.015,1.998,1.890,1.905,1.869,1.902,1.959,1.911,1.882,1.877
OKT,OYAK PORTFÖY BİRİNCİ BORÇLANMA ARAÇLARI FONU,0.039,0.039,0.039,0.038,0.038,0.038,0.038,0.038,0.038,0.038,0.037,0.037
OKD,OYAK PORTFÖY BİRİNCİ DEĞİŞKEN FON,0.138,0.132,0.122,0.120,0.115,0.111,0.113,0.106,0.104,0.098,0.100,0.099
OFS,OYAK PORTFÖY BİRİNCİ FON SEPETİ FONU,2.128,2.076,2.007,1.988,1.922,1.882,1.869,1.825,1.830,1.747,1.756,1.776
OHB,OYAK PORTFÖY BİRİNCİ HİSSE SENEDİ (TL) FONU (HİSSE SENEDİ YOĞUN FON),6.279,6.060,5.475,5.397,5.161,4.843,4.968,4.567,4.508,4.083,4.222,4.261
OTK,OYAK PORTFÖY BİRİNCİ KATILIM SERBEST FON,2.826,2.794,2.721,2.744,2.736,2.709,2.698,2.672,2.658,2.585,2.596,2.568
OKP,OYAK PORTFÖY BİRİNCİ KISA VADELİ BORÇLANMA ARAÇLARI (TL) FONU,1.601,1.596,1.590,1.584,1.579,1.574,1.569,1.563,1.558,1.552,1.547,1.540
ODD,OYAK PORTFÖY DÖRDÜNCÜ SERBEST FON,3.780,3.748,3.678,3.657,3.622,3.587,3.590,3.555,3.546,3.379,3.450,3.437
OBI,OYAK PORTFÖY İKİNCİ BORÇLANMA ARAÇLARI (TL) FONU,1.032,1.033,1.010,1.009,1.045,1.037,1.019,NaN,NaN,NaN,NaN,NaN
OBP,OYAK PORTFÖY İKİNCİ DEĞİŞKEN FON,0.049,0.049,0.047,0.047,0.048,0.048,0.045,0.045,0.045,0.044,0.044,0.043
OFI,OYAK PORTFÖY İKİNCİ FON SEPETİ FONU,1.186,1.156,1.125,1.120,1.090,1.068,1.045,1.038,1.054,1.006,1.022,1.056
ODS,OYAK PORTFÖY İKİNCİ SERBEST(DÖVİZ) FON,21.950,21.475,21.171,21.109,20.699,20.494,20.147,19.965,20.064,19.914,19.756,19.709
OHK,OYAK PORTFÖY KATILIM HİSSE SENEDİ (TL) FONU (HİSSE SENEDİ YOĞUN FON),NaN,NaN,NaN,NaN,NaN,NaN,NaN,NaN,NaN,NaN,NaN,NaN
OTJ,OYAK PORTFÖY KIYMETLİ MADENLER FON SEPETİ FONU,1.412,1.364,1.374,1.393,1.319,1.313,1.277,1.292,1.365,1.302,1.279,1.275
PPP,PERFORM PORTFÖY PARA PİYASASI (TL) FONU,NaN,NaN,NaN,NaN,NaN,NaN,NaN,NaN,NaN,NaN,NaN,NaN
PPB,PHİLLİP PORTFÖY BİRİNCİ HİSSE SENEDİ FONU (HİSSE SENEDİ YOĞUN FON),2.836,2.694,2.522,2.504,2.397,2.219,2.262,2.123,2.070,1.843,1.924,1.884
PPS,PHİLLİP PORTFÖY BİRİNCİ SERBEST FON,1.142,1.134,1.131,1.128,1.123,1.118,1.117,1.110,1.098,1.091,1.084,1.077
PFO,PHİLLİP PORTFÖY FON SEPETİ FONU,NaN,NaN,NaN,NaN,NaN,NaN,NaN,NaN,NaN,NaN,NaN,NaN
PJL,PHİLLİP PORTFÖY PARA PİYASASI FONU,1.234,1.229,1.225,1.220,1.216,1.212,1.208,1.203,1.199,1.195,1.190,1.186
PPE,PHİLLİP PORTFÖY SERBEST (DÖVİZ) FON,NaN,NaN,NaN,NaN,NaN,NaN,NaN,NaN,NaN,NaN,NaN,NaN
PBK,QİNVEST PORTFÖY BİRİNCİ KATILIM SERBEST(DÖVİZ) FON,18.509,18.436,18.290,18.273,18.141,18.102,17.980,17.975,17.952,18.165,18.054,17.917
PDF,QİNVEST PORTFÖY BİRİNCİ SERBEST (DÖVİZ) FON,19.094,19.044,18.985,18.912,18.955,18.917,18.837,18.811,18.793,18.738,18.558,18.408
EIB,QİNVEST PORTFÖY DEĞİŞKEN FON,0.139,0.137,0.134,0.133,0.133,0.132,0.131,0.129,0.127,0.125,0.120,0.118
EID,QİNVEST PORTFÖY HİSSE SENEDİ FONU (HİSSE YOĞUN FON),0.469,0.452,0.418,0.401,0.390,0.362,0.366,0.340,0.329,0.300,0.299,0.295
EIC,QİNVEST PORTFÖY İKİNCİ DEĞİŞKEN FONU,0.053,0.052,0.050,0.050,0.049,0.048,0.048,0.047,0.046,0.044,0.043,0.042
IZF,QİNVEST PORTFÖY İKİNCİ KATILIM SERBEST FON,1.525,1.497,1.466,1.485,1.469,1.452,1.437,1.416,1.406,1.388,1.373,1.352
PDD,QİNVEST PORTFÖY KATILIM FONU,1.707,1.684,1.638,1.648,1.638,1.617,1.598,1.576,1.562,1.539,1.522,1.497
ELZ,QİNVEST PORTFÖY KATILIM HİSSE SENEDİ FONU (HİSSE SENEDİ YOĞUN FON),3.917,3.736,3.433,3.325,3.274,3.031,3.030,2.851,2.757,2.556,2.541,2.529
KIS,QİNVEST PORTFÖY KİRA SERTİFİKASI KATILIM (DÖVİZ) FONU,0.071,0.071,0.070,0.070,0.070,0.070,0.069,0.069,0.069,0.070,0.069,0.069
EKF,QİNVEST PORTFÖY KİRA SERTİFİKASI KATILIM (TL) FONU,0.033,0.033,0.032,0.032,0.032,0.032,0.031,0.031,0.030,0.030,0.030,0.029
EIL,QİNVEST PORTFÖY PARA PİYASASI FONU,1.270,1.266,1.261,1.257,1.252,1.248,1.243,1.239,1.234,1.229,1.224,1.219
OJK,QNB FİNANS PORTFÖY ALTIN FONU,2.207,2.161,2.159,2.142,2.029,2.038,1.994,2.065,2.115,2.048,2.006,1.981
OJB,QNB FİNANS PORTFÖY BEŞİNCİ SERBEST (DÖVİZ) FON,19.228,19.228,19.228,19.228,19.228,19.228,19.228,19.228,19.228,19.228,18.919,18.919
BID,QNB FİNANS PORTFÖY BIST 100 DIŞI ŞİRKETLER HİSSE SENEDİ (TL) FONU (HİSSE SENEDİ YOĞUN FON),NaN,NaN,NaN,NaN,NaN,NaN,NaN,NaN,NaN,NaN,NaN,NaN
FNO,QNB FİNANS PORTFÖY BİRİNCİ DEĞİŞKEN FON,0.050,0.050,0.049,0.049,0.049,0.048,0.048,0.048,0.048,0.046,0.046,0.046
FYD,QNB FİNANS PORTFÖY BİRİNCİ HİSSE SENEDİ FONU (HİSSE SENEDİ YOĞUN FON),3.333,3.217,2.993,2.957,2.853,2.660,2.752,2.584,2.480,2.210,2.272,2.301
FPZ,QNB FİNANS PORTFÖY BİRİNCİ SERBEST (DÖVİZ) FON,22.883,22.710,22.503,22.471,22.295,22.155,21.871,21.838,21.815,21.748,21.451,21.360
FI3,QNB FİNANS PORTFÖY BORÇLANMA ARAÇLARI FONU,283.333,281.531,274.144,271.432,275.424,273.722,274.162,267.149,266.938,265.486,265.924,264.115
FFH,QNB FİNANS PORTFÖY ÇOKLU VARLIK KATILIM FONU,2.051,2.014,1.960,1.942,1.901,1.855,1.857,1.836,1.810,1.764,1.766,1.765
OVD,QNB FİNANS PORTFÖY EMTİA FON SEPETİ FONU,1.016,1.018,1.001,1.030,1.022,0.999,0.979,1.000,1.024,0.987,0.978,1.009
FUB,QNB FİNANS PORTFÖY EUROBOND (DÖVİZ) BORÇLANMA ARAÇLARI FONU,0.218,0.216,0.213,0.213,0.211,0.209,0.205,0.204,0.204,0.204,0.201,0.201
FFP,QNB FİNANS PORTFÖY FON SEPETİ FONU,1.898,1.897,1.888,1.882,1.871,1.860,1.852,1.849,1.848,1.828,1.818,1.815
FKE,QNB FİNANS PORTFÖY KRİSTAL SERBEST (DÖVİZ-AVRO) FON,NaN,NaN,NaN,NaN,NaN,NaN,NaN,NaN,NaN,NaN,NaN,NaN
FYO,QNB FİNANS PORTFÖY ÖZEL SEKTÖR BORÇLANMA ARAÇLARI FONU,0.299,0.297,0.296,0.295,0.294,0.293,0.292,0.290,0.289,0.288,0.287,0.286
FSK,QNB FİNANS PORTFÖY PARA PİYASASI SERBEST (TL) FON,1.446,1.441,1.436,1.431,1.426,1.422,1.417,1.413,1.408,1.404,1.399,1.394
OJT,QNB FİNANS PORTFÖY TEKNOLOJİ FON SEPETİ FONU,2.031,2.017,1.960,1.922,1.777,1.819,1.771,1.697,1.737,1.700,1.714,1.767
OLD,QNB FİNANS PORTFÖY TEMİZ ENERJİ VE SU FON SEPETİ FONU,1.408,1.404,1.376,1.374,1.285,1.265,1.189,1.179,1.215,1.196,1.185,1.250
RBR,RE-PIE  PORTFÖY BİRİNCİ KATILIM SERBEST FON,NaN,NaN,NaN,NaN,NaN,NaN,NaN,NaN,NaN,NaN,NaN,NaN
RJG,RE-PIE PORTFÖY ALTIN KATILIM FONU,NaN,NaN,NaN,NaN,NaN,NaN,NaN,NaN,NaN,NaN,NaN,NaN
RPD,RE-PIE PORTFÖY BİRİNCİ DEĞİŞKEN FON,2.493,2.453,2.371,2.319,2.240,2.181,2.166,2.097,2.084,2.008,2.002,1.970
RTH,RE-PIE PORTFÖY BİRİNCİ HİSSE SENEDİ SERBEST FON (HİSSE SENEDİ YOĞUN FON),NaN,NaN,NaN,NaN,NaN,NaN,NaN,NaN,NaN,NaN,NaN,NaN
RTP,RE-PIE PORTFÖY BİRİNCİ SERBEST FON,1.985,1.940,1.841,1.784,1.692,1.621,1.609,1.536,1.525,1.446,1.444,1.407
RIK,RE-PIE PORTFÖY İKİNCİ DEĞİŞKEN FON,NaN,NaN,NaN,NaN,NaN,NaN,NaN,NaN,NaN,NaN,NaN,NaN
RPG,ROTA PORTFÖY ALTIN FONU,1.090,1.066,1.069,1.061,1.010,1.021,1.003,1.022,1.054,1.034,1.018,1.016
RPS,ROTA PORTFÖY BİRİNCİ SERBEST (DÖVİZ) FON,19.459,19.325,19.207,19.265,19.086,18.951,18.703,18.649,18.664,18.621,18.364,18.276
CPT,ROTA PORTFÖY ÇİP TEKNOLOJİLERİ DEĞİŞKEN FON,NaN,NaN,NaN,NaN,NaN,NaN,NaN,NaN,NaN,NaN,NaN,NaN
RHS,ROTA PORTFÖY HİSSE SENEDİ (TL) FON (HİSSE SENEDİ YOĞUN FON),1.447,1.403,1.294,1.265,1.223,1.135,1.160,1.065,1.042,0.921,0.948,0.998
RPT,ROTA PORTFÖY İKİNCİ SERBEST (TL) FON,1.134,1.129,1.123,1.118,1.113,1.108,1.103,1.098,1.093,1.089,1.083,1.078
RPC,ROTA PORTFÖY İKLİM DEĞİŞİKLİĞİ ÇÖZÜMLERİ DEĞİŞKEN FON,1.295,1.277,1.210,1.195,1.130,1.122,1.068,1.041,1.069,1.050,1.060,1.134
RPM,ROTA PORTFÖY İLAÇ VE MEDİKAL TEKNOLOJİLERİ DEĞİŞKEN FON,1.359,1.261,1.221,1.217,1.169,1.159,1.131,1.110,1.094,1.066,1.057,1.091
RPP,ROTA PORTFÖY PARA PİYASASI (TL) FONU,1.129,1.124,1.120,1.115,1.111,1.106,1.102,1.098,1.094,1.089,1.085,1.081
PIL,ROTA PORTFÖY PİL TEKNOLOJİLERİ VE ENERJİ FON SEPETİ FONU,NaN,NaN,NaN,NaN,NaN,NaN,NaN,NaN,NaN,NaN,NaN,NaN
RPX,ROTA PORTFÖY ÜÇÜNCÜ SERBEST (DÖVİZ) FON,20.666,20.542,20.372,20.499,20.231,20.059,19.722,19.614,19.588,19.565,19.157,19.105
SVB,STRATEJİ PORTFÖY AGRESİF DEĞİŞKEN FON,2.003,1.938,1.831,1.789,1.738,1.643,1.645,1.561,1.519,1.420,1.467,1.449
AN1,STRATEJİ PORTFÖY BİRİNCİ DEĞİŞKEN FON,24.747,23.905,22.752,22.598,22.191,21.079,21.182,19.996,19.463,18.160,18.601,18.579
ST1,STRATEJİ PORTFÖY BİRİNCİ HİSSE SENEDİ FONU (HİSSE SENEDİ YOĞUN FON),83.596,79.503,69.481,66.518,64.392,61.454,60.748,55.283,52.759,45.777,47.987,47.913
TPF,TACİRLER PORTFÖY BORÇLANMA ARAÇLARI FONU,3.619,3.573,3.492,3.474,3.489,3.466,3.459,3.447,3.438,3.439,3.435,3.417
TCD,TACİRLER PORTFÖY DEĞIŞKEN FON,16.861,15.774,14.014,13.560,12.886,11.907,11.878,11.231,11.111,10.300,10.360,10.343
TKF,TACİRLER PORTFÖY HİSSE SENEDİ FONU (HİSSE SENEDİ YOĞUN FON),21.642,21.211,19.739,19.896,19.487,18.436,18.000,17.206,17.019,15.830,16.063,15.996
TCB,TACİRLER PORTFÖY PARA PİYASASI FONU,0.059,0.059,0.059,0.058,0.058,0.058,0.058,0.058,0.058,0.058,0.057,0.057
TUA,TEB PORTFÖY ALTIN FONU,0.248,0.242,0.243,0.241,0.227,0.229,0.224,0.229,0.236,0.230,0.227,0.226
TJT,TEB PORTFÖY ALTINCI SERBEST (DÖVİZ-AVRO) FON,19.917,19.570,19.360,19.081,18.041,18.435,17.652,17.561,17.609,17.593,17.370,17.661
TFF,TEB PORTFÖY AMERİKA TEKNOLOJİ YABANCI BYF FON SEPETİ FONU,7.687,7.596,7.517,7.524,6.902,7.371,7.055,6.901,7.200,7.229,7.174,7.456
YZH,TEB PORTFÖY BIST BANKA ENDEKSİ HİSSE SENEDİ FONU (HİSSE SENEDİ YOĞUN),2.653,2.644,2.523,2.350,2.286,2.264,2.402,2.123,2.041,1.840,1.864,2.117
TE4,TEB PORTFÖY BİRİNCİ DEĞİŞKEN FON,1.623,1.610,1.586,1.588,1.591,1.582,1.559,1.547,1.542,1.521,1.516,1.508
TPC,TEB PORTFÖY BİRİNCİ FON SEPETİ FONU,3.387,3.325,3.320,3.379,3.365,3.261,3.197,3.209,3.299,3.122,3.109,3.144
TPJ,TEB PORTFÖY BİRİNCİ SERBEST (DÖVİZ) FON,23.405,23.287,23.101,23.109,22.845,22.729,22.372,22.283,22.207,22.238,21.996,21.918
TBT,TEB PORTFÖY BORÇLANMA ARAÇLARI FONU,28.107,27.967,27.843,27.877,27.838,27.683,27.432,27.214,27.178,27.109,27.087,26.988
TPL,TEB PORTFÖY EUROBOND (DÖVİZ) BORÇLANMA ARAÇLARI FONU,6.639,6.614,6.568,6.569,6.513,6.473,6.380,6.356,6.348,6.338,6.231,6.211
GMC,TEB PORTFÖY GÜMÜŞ FON SEPETİ FONU,1.236,1.154,1.132,1.160,1.112,1.039,1.028,0.991,1.083,1.025,1.017,1.040
TYH,TEB PORTFÖY HİSSE SENEDİ FONU (HİSSE SENEDİ YOĞUN FON),0.544,0.528,0.485,0.479,0.466,0.433,0.444,0.408,0.400,0.358,0.370,0.378
IDY,TEB PORTFÖY İKİNCİ DEĞİŞKEN FON,0.051,0.051,0.050,0.051,0.051,0.050,0.049,0.048,0.048,0.048,0.047,0.047
TJI,TEB PORTFÖY İKİNCİ FON SEPETİ FONU,1.631,1.581,1.587,1.596,1.579,1.555,1.535,1.503,1.506,1.455,1.458,1.475
TPZ,TEB PORTFÖY KİRA SERTİFİKALARI (DÖVİZ) KATILIM FONU,8.058,8.010,7.943,7.900,7.834,7.784,7.707,7.678,7.675,7.766,7.722,7.673
MTX,TEB PORTFÖY METAVERSE VE DİJİTAL TEKNOLOJİLER DEĞİŞKEN FON,1.043,1.016,0.992,1.001,0.920,0.964,0.946,0.902,0.936,0.909,0.933,0.978
TE3,TEB PORTFÖY MUTLAK GETİRİ HEDEFLİ DEĞİŞKEN FON,9.045,8.986,8.876,8.865,8.885,8.839,8.742,8.684,8.643,8.556,8.508,8.456
SHE,TEB PORTFÖY ÖNCE KADIN DEĞİŞKEN FON,NaN,NaN,NaN,NaN,NaN,NaN,NaN,NaN,NaN,NaN,NaN,NaN
TOT,TEB PORTFÖY ÖZEL SEKTÖR BORÇLANMA ARAÇLARI FONU,249.521,248.708,247.910,247.111,246.332,245.566,244.700,243.918,243.146,242.369,241.595,240.861
TPP,TEB PORTFÖY PUSULA SERBEST FON,9.695,9.357,8.898,8.614,8.527,8.293,8.109,7.842,7.765,7.454,7.424,7.496
TBE,TEB PORTFÖY SAĞLIK VE BİYOTEKNOLOJİ DEĞİŞKEN FON,1.078,1.024,1.002,NaN,NaN,NaN,NaN,NaN,NaN,NaN,NaN,NaN
TJF,TEB PORTFÖY SÜRDÜRÜLEBİLİRLİK FON SEPETİ FONU,1.714,1.682,1.663,1.664,1.546,1.544,1.468,1.441,1.477,1.479,1.502,1.600
TGX,TEB PORTFÖY TARIM VE GIDA TEKNOLOJİLERİ DEĞİŞKEN FON,1.181,1.165,1.123,1.157,1.126,1.102,1.070,1.015,1.036,0.973,0.956,0.972
TCF,TEB PORTFÖY ÜÇÜNCÜ FON SEPETİ FONU,NaN,NaN,NaN,NaN,NaN,NaN,NaN,NaN,NaN,NaN,NaN,NaN
TMV,TERA PORTFÖY ALGORİTMİK STRATEJİLER SERBEST FON,1.076,1.066,1.064,1.061,1.053,1.044,1.030,1.025,1.009,1.002,0.990,0.966
TMM,TERA PORTFÖY İKİNCİ SERBEST (DÖVİZ) FON,NaN,NaN,NaN,NaN,NaN,NaN,NaN,NaN,NaN,NaN,NaN,NaN
TVN,TRIVE PORTFÖY BİRİNCİ FON SEPETİ FONU,NaN,NaN,NaN,NaN,NaN,NaN,NaN,NaN,NaN,NaN,NaN,NaN
THD,TRIVE PORTFÖY BİRİNCİ HİSSE SENEDİ (TL) FON (HİSSE SENEDİ YOĞUN FON),NaN,NaN,NaN,NaN,NaN,NaN,NaN,NaN,NaN,NaN,NaN,NaN
KID,TRIVE PORTFÖY BİRİNCİ SERBEST (DÖVİZ) FON,19.107,18.772,18.491,18.481,18.423,18.233,18.098,18.156,18.236,18.167,NaN,NaN
KIF,TRIVE PORTFÖY EMTİA SERBEST FON,1.019,0.997,0.994,1.003,0.986,0.972,0.968,0.970,1.020,1.002,NaN,NaN
KIA,TRIVE PORTFÖY MUTLAK GETİRİ HEDEFLİ DEĞİŞKEN FON,1.170,1.147,1.086,1.072,1.060,1.026,1.038,1.005,NaN,NaN,NaN,NaN
KIE,TRIVE PORTFÖY PARA PİYASASI (TL) FONU,1.070,1.066,1.061,1.057,1.053,1.048,1.044,1.039,1.035,1.030,1.026,1.021
KIB,TRIVE PORTFÖY ROBOTİK TEKNOLOJİLERİ DEĞİŞKEN FON,1.021,0.996,0.980,NaN,NaN,NaN,NaN,NaN,NaN,NaN,NaN,NaN
UP1,ÜNLÜ PORTFÖY ALTIN FONU,NaN,NaN,NaN,NaN,NaN,NaN,NaN,NaN,NaN,NaN,NaN,NaN
SUA,ÜNLÜ PORTFÖY BİRİNCİ DEĞİŞKEN FON,0.125,0.124,0.122,0.122,0.121,0.120,0.120,0.118,0.118,0.116,0.116,0.116
UPD,ÜNLÜ PORTFÖY DÖRDÜNCÜ SERBEST (DÖVIZ) FON,7.084,7.046,6.997,6.968,6.939,6.901,6.853,6.836,6.827,6.796,6.728,6.689
UPH,ÜNLÜ PORTFÖY HİSSE SENEDİ (TL) FONU(HİSSE SENEDİ YOĞUN FON),8.316,8.052,7.287,7.286,6.961,6.443,6.624,6.100,6.047,5.445,5.696,5.730
SUB,ÜNLÜ PORTFÖY İKİNCİ DEĞİŞKEN FON,0.094,0.091,0.084,0.083,0.082,0.080,0.080,0.077,0.076,0.073,0.074,0.074
UJA,ÜNLÜ PORTFÖY İSTATİSTİKSEL ARBİTRAJ SERBEST FON,1.409,1.399,1.393,1.392,1.383,1.375,1.362,1.361,1.348,1.341,1.333,1.322
USY,ÜNLÜ PORTFÖY MUTLAK GETİRİ HEDEFLİ SERBEST FON,0.053,0.052,0.052,0.052,0.051,0.051,0.050,0.050,0.050,0.050,0.050,0.050
UP2,ÜNLÜ PORTFÖY ONBİRİNCİ SERBEST (TL) FON,NaN,NaN,NaN,NaN,NaN,NaN,NaN,NaN,NaN,NaN,NaN,NaN
UPP,ÜNLÜ PORTFÖY PARA PİYASASI (TL) FONU,1.662,1.656,1.649,1.643,1.638,1.632,1.626,1.620,1.614,1.607,1.602,1.596
SUC,ÜNLÜ PORTFÖY ÜÇÜNCÜ DEĞIŞKEN FON,4.965,4.853,4.635,4.604,4.521,4.452,4.464,4.351,4.325,4.223,4.239,4.240
YKT,YAPI KREDİ PORTFÖY ALTIN FONU,0.148,0.144,0.144,0.143,0.135,0.136,0.133,0.136,0.140,0.135,0.133,0.133
YPL,YAPI KREDİ PORTFÖY BALAT SERBEST (DÖVİZ) FON,22.424,22.281,22.192,22.088,22.044,21.975,21.811,21.786,21.750,21.624,21.433,21.316
YCP,YAPI KREDİ PORTFÖY BANKACILIK SEKTÖRÜ HİSSE SENEDİ SERBEST FON (HİSSE SENEDİ YOĞUN FON),2.166,2.158,2.068,1.945,1.900,1.898,2.023,1.794,1.721,1.574,1.585,1.741
YLE,YAPI KREDİ PORTFÖY BIST SÜRDÜRÜLEBİLİRLİK ENDEKSİ HİSSE SENEDİ FONU (HİSSE SENEDİ YOĞUN FON),2.198,2.156,1.980,1.972,1.901,1.772,1.818,1.676,1.658,1.495,1.551,1.610
YHZ,YAPI KREDİ PORTFÖY BIST TEKNOLOJİ AĞIRLIK SINIRLAMALI ENDEKSİ HİSSE SENEDİ FONU ( HİSSE SENEDİ YOĞUN FON),1.897,1.876,1.677,1.563,1.517,1.410,1.430,1.258,1.194,1.133,1.153,1.188
YHB,YAPI KREDİ PORTFÖY BIST 100 DIŞI ŞİRKETLER HİSSE SENEDİ FONU (HİSSE SENEDİ YOĞUN FON),NaN,NaN,NaN,NaN,NaN,NaN,NaN,NaN,NaN,NaN,NaN,NaN
YEF,YAPI KREDİ PORTFÖY BIST 30 ENDEKSİ HİSSE SENEDİ FONU (HİSSE SENEDİ YOĞUN FON),0.263,0.260,0.245,0.243,0.232,0.214,0.218,0.200,0.198,0.176,0.180,0.186
YAN,YAPI KREDİ PORTFÖY BİRİNCİ FON SEPETİ FONU,4.605,4.542,4.402,4.358,4.204,4.135,4.110,4.005,4.040,3.934,3.947,3.993
YHS,YAPI KREDİ PORTFÖY BİRİNCİ HİSSE SENEDİ FONU (HİSSE SENEDİ YOĞUN FON),6.415,6.208,5.702,5.694,5.515,5.194,5.328,4.981,4.911,4.568,4.695,4.783
YOT,YAPI KREDİ PORTFÖY BORÇLANMA ARAÇLARI FONU,13.837,13.755,13.432,13.201,13.121,13.059,13.141,12.969,12.983,13.011,13.056,12.994
YJK,YAPI KREDİ PORTFÖY DÖRDÜNCÜ FON SEPETİ FONU,1.325,1.297,1.284,1.297,1.227,1.242,1.206,1.162,1.196,1.181,1.198,1.250
YLO,YAPI KREDİ PORTFÖY ELEKTRİKLİ ARAÇLAR DEĞİŞKEN FON,1.255,1.225,1.199,1.218,1.151,1.132,1.113,1.060,1.095,1.064,1.094,1.137
YGM,YAPI KREDİ PORTFÖY EMTİA SERBEST FON,1.051,1.054,1.045,1.054,1.050,1.012,1.005,1.027,1.051,1.013,1.006,1.034
YBE,YAPI KREDİ PORTFÖY EUROBOND (DOLAR) BORÇLANMA ARAÇLARI FONU,0.514,0.506,0.498,0.499,0.491,0.484,0.469,0.470,0.470,0.470,0.465,0.465
YZC,YAPI KREDİ PORTFÖY FİNTECH VE BLOCKCHAİN TEKNOLOJİLERİ DEĞİŞKEN FON,0.778,0.758,0.755,0.785,0.765,0.811,0.777,0.744,0.777,0.756,0.758,0.823
YPK,YAPI KREDİ PORTFÖY GALATA SERBEST FON,3.916,3.863,3.828,3.809,3.776,3.769,3.751,3.738,3.721,3.685,3.672,3.663
YZG,YAPI KREDİ PORTFÖY GÜMÜŞ FON SEPETİ FONU,1.980,1.847,1.817,1.851,1.778,1.669,1.635,1.597,1.743,1.650,1.622,1.650
YAC,YAPI KREDİ PORTFÖY İKİNCİ FON SEPETİ FONU,4.130,4.065,3.937,3.899,3.748,3.690,3.663,3.572,3.611,3.502,3.511,3.554
YDI,YAPI KREDİ PORTFÖY İKİNCİ HİSSE SENEDİ FONU (HİSSE SENEDİ YOĞUN FON),0.135,0.129,0.120,0.118,0.114,0.108,0.111,0.101,0.099,0.088,0.091,0.092
YPC,YAPI KREDİ PORTFÖY İKLİM DEĞİŞİKLİĞİ ÇÖZÜMLERİ DEĞİŞKEN FON,1.211,1.181,1.126,1.114,1.070,1.069,1.063,1.001,1.008,0.966,0.994,1.027
YKS,YAPI KREDİ PORTFÖY İSTANBUL SERBEST FON,0.093,0.092,0.087,0.087,0.085,0.082,0.083,0.079,0.078,0.074,0.076,0.076
YUN,YAPI KREDİ PORTFÖY İSTİNYE SERBEST (DÖVİZ) FON,19.173,18.888,18.888,18.888,18.888,18.624,18.624,18.624,18.624,18.624,NaN,NaN
YZK,YAPI KREDİ PORTFÖY KALAMIŞ SERBEST FON,2.519,2.464,2.394,2.392,2.308,2.258,2.224,2.221,2.250,2.219,2.197,2.199
YSL,YAPI KREDİ PORTFÖY KAR PAYI ÖDEYEN KİRA SERTİFİKALARI KATILIM SERBEST (DÖVİZ) FON,NaN,NaN,NaN,NaN,NaN,NaN,NaN,NaN,NaN,NaN,NaN,NaN
YUB,YAPI KREDİ PORTFÖY KARAKÖY HİSSE SENEDİ SERBEST FON (HİSSE SENEDİ YOĞUN FON),1.577,1.506,1.389,1.350,1.292,1.187,1.226,1.131,1.108,0.980,0.996,1.015
YAK,YAPI KREDİ PORTFÖY KARMA FON,1.549,1.525,1.457,1.441,1.411,1.377,1.384,1.352,1.348,1.327,1.337,1.343
YLY,YAPI KREDİ PORTFÖY KİLYOS KAR PAYI ÖDEYEN HİSSE SENEDİ SERBEST (TL) FON (HİSSE SENEDİ YOĞUN FON),NaN,NaN,NaN,NaN,NaN,NaN,NaN,NaN,NaN,NaN,NaN,NaN
YFV,YAPI KREDİ PORTFÖY KİRA SERTİFİKALARI KATILIM FONU,0.031,0.031,0.030,0.030,0.030,0.030,0.030,0.030,0.029,0.029,0.029,0.029
YAS,YAPI KREDİ PORTFÖY KOÇ HOLDİNG İŞTİRAK VE HİSSE SENEDİ FONU(HİSSE SENEDİ YOĞUN FON),5.322,5.267,4.786,4.586,4.423,4.055,4.120,3.924,3.918,3.592,3.635,3.705
YMD,YAPI KREDİ PORTFÖY MASLAK SERBEST (DÖVİZ- ABD DOLARI) FON,NaN,NaN,NaN,NaN,NaN,NaN,NaN,NaN,NaN,NaN,NaN,NaN
YNK,YAPI KREDİ PORTFÖY NİŞANTAŞI KAR PAYI ÖDEYEN SERBEST (DÖVİZ) FON,NaN,NaN,NaN,NaN,NaN,NaN,NaN,NaN,NaN,NaN,NaN,NaN
YBS,YAPI KREDİ PORTFÖY ÖZEL SEKTÖR BORÇLANMA ARAÇLARI FONU,0.037,0.037,0.037,0.037,0.036,0.036,0.036,0.036,0.036,0.036,0.036,0.036
YVG,YAPI KREDİ PORTFÖY SARIYER SERBEST (DÖVİZ-AVRO) FON,19.902,19.517,19.289,19.035,17.941,18.305,17.489,17.391,17.449,17.418,17.187,17.476
YTV,YAPI KREDİ PORTFÖY TARIM DEĞİŞKEN FON,NaN,NaN,NaN,NaN,NaN,NaN,NaN,NaN,NaN,NaN,NaN,NaN
YJH,YAPI KREDİ PORTFÖY TEMİZ ENERJİ DEĞİŞKEN FONU,1.755,1.739,1.704,1.658,1.508,1.490,1.418,1.371,1.432,1.439,1.485,1.596
YSU,YAPI KREDİ PORTFÖY ÜÇÜNCÜ DEĞİŞKEN FON,0.052,0.052,0.049,0.048,0.047,0.046,0.047,0.045,0.045,0.044,0.045,0.045
YPV,YAPI KREDİ PORTFÖY ÜÇÜNCÜ FON SEPETİ FONU,2.660,2.610,2.548,2.522,2.386,2.355,2.328,2.327,2.361,2.317,2.312,2.323
YTD,YAPI KREDİ PORTFÖY YABANCI FON SEPETİ FONU,0.215,0.214,0.210,0.208,0.198,0.201,0.190,0.185,0.187,0.185,0.188,0.198
YAY,YAPI KREDİ PORTFÖY YABANCI TEKNOLOJİ SEKTÖRÜ HİSSE SENEDİ FONU,272.784,264.738,263.216,268.488,238.850,257.874,250.547,234.863,251.782,248.194,252.856,265.850
YJY,YAPI KREDİ PORTFÖY YENİKÖY SERBEST (DÖVİZ) FON,19.179,19.127,19.073,18.982,18.956,18.879,18.728,18.702,18.674,18.603,18.395,18.281
ZDZ,ZİRAAT PORTFÖY AGRESİF DEĞİŞKEN FON,4.340,4.073,3.904,3.759,3.602,3.322,3.300,3.084,2.970,2.622,2.620,2.501
ZP9,ZİRAAT PORTFÖY AKİK KATILIM SERBEST (DÖVİZ-AVRO) FON,NaN,NaN,NaN,NaN,NaN,NaN,NaN,NaN,NaN,NaN,NaN,NaN
TCA,ZİRAAT PORTFÖY ALTIN KATILIM FONU,0.146,0.142,0.142,0.141,0.134,0.134,0.132,0.134,0.138,0.135,0.133,0.132
ZBJ,ZİRAAT PORTFÖY BAŞAK PARA PİYASASI (TL) FONU,1.191,1.186,1.181,1.176,1.172,1.167,1.162,1.158,1.153,1.148,1.144,1.139
ZJL,ZİRAAT PORTFÖY BIST 100 DIŞI ŞİRKETLER HİSSE SENEDİ FONU (HİSSE SENEDİ YOĞUN FON),4.340,4.046,3.659,3.468,3.376,3.123,2.984,2.805,2.619,2.351,2.348,2.280
ZLH,ZİRAAT PORTFÖY BIST 100-30 ŞİRKETLERİ HİSSE SENEDİ FONU ( HİSSE SENEDİ YOĞUN FON),3.893,3.660,3.292,3.263,3.112,2.863,2.830,2.664,2.558,2.281,2.343,2.293
ZJV,ZİRAAT PORTFÖY BIST 30 DIŞI YILDIZ PAZAR ŞİRKETLERİ HİSSE SENEDİ FONU (HİSSE SENEDİ YOĞUN FON),4.023,3.755,3.398,3.290,3.174,2.881,2.816,2.636,2.508,2.265,2.273,2.222
TZT,ZİRAAT PORTFÖY BORÇLANMA ARAÇLARI (TL) FONU,0.049,0.049,0.049,0.048,0.048,0.048,0.048,0.048,0.048,0.047,0.047,0.047
ZBD,ZİRAAT PORTFÖY DENGELİ DEĞİŞKEN FON,219.392,213.431,211.171,206.399,202.079,195.257,192.991,186.688,182.352,170.060,169.651,165.069
ZCN,ZİRAAT PORTFÖY EMTİA FON SEPETİ FONU,1.059,1.039,1.039,1.046,1.032,1.028,1.010,1.026,1.041,1.010,1.006,1.027
ZSG,ZİRAAT PORTFÖY ESG SÜRDÜRÜLEBİLİRLİK FON SEPETİ FONU,NaN,NaN,NaN,NaN,NaN,NaN,NaN,NaN,NaN,NaN,NaN,NaN
ZPC,ZİRAAT PORTFÖY FON SEPETİ FONU,5.903,5.668,5.551,5.439,5.305,5.152,5.063,4.983,4.887,4.579,4.592,4.519
TZD,ZİRAAT PORTFÖY HİSSE SENEDİ FONU (HİSSE SENEDİ YOĞUN FON),0.830,0.780,0.723,0.699,0.673,0.623,0.625,0.591,0.566,0.510,0.518,0.509
VFK,ZİRAAT PORTFÖY İKİNCİ KISA VADELİ KİRA SERTİFİKALARI KATILIM (TL) FONU,1.456,1.451,1.446,1.441,1.435,1.431,1.425,1.420,1.414,1.409,1.404,1.399
ZPF,ZİRAAT PORTFÖY KATILIM FONU (DÖVİZ),6.951,6.899,6.843,6.802,6.701,6.676,6.579,6.584,6.618,6.756,6.723,6.700
ZPE,ZİRAAT PORTFÖY KATILIM HİSSE SENEDİ FONU (HİSSE SENEDİ YOĞUN FON),10.415,9.954,9.029,8.982,8.689,7.984,7.950,7.569,7.436,6.801,6.848,6.793
ZP8,ZİRAAT PORTFÖY KEHRİBAR KATILIM SERBEST (TL) FON,NaN,NaN,NaN,NaN,NaN,NaN,NaN,NaN,NaN,NaN,NaN,NaN
ZPG,ZİRAAT PORTFÖY KİRA SERTİFİKALARI (SUKUK) KATILIM FONU,2.835,2.820,2.809,2.798,2.789,2.776,2.765,2.754,2.746,2.735,2.725,2.714
ZMY,ZİRAAT PORTFÖY METAVERSE VE YENİ TEKNOLOJİLER DEĞİŞKEN FON,1.475,1.419,1.348,1.293,1.253,1.256,1.217,1.189,1.170,1.121,1.145,1.200
ZP6,ZİRAAT PORTFÖY SEDEF KATILIM SERBEST (DÖVİZ - AMERİKAN DOLARI) FON,NaN,NaN,NaN,NaN,NaN,NaN,NaN,NaN,NaN,NaN,NaN,NaN
ZPA,ZİRAAT PORTFÖY SERBEST (DÖVİZ) FON,21.822,21.650,21.314,21.173,21.222,21.087,20.811,20.754,20.712,20.664,20.519,20.403
ZSF,ZİRAAT PORTFÖY S&P/OIC COMCEC (İSEDAK) 50 SHARİAH ŞİRKETLERİ YABANCI HİSSE SENEDİ FONU,17.514,17.533,17.738,18.026,17.897,18.036,18.219,17.733,17.989,17.523,17.593,17.867
ZDD,ZİRAAT PORTFÖY TEMKİNLİ DEĞİŞKEN FON,1.862,1.825,1.843,1.810,1.791,1.769,1.751,1.729,1.703,1.655,1.642,1.607
